id,type,ic11,ic12,ic21,ic22,ic31,ic32,ic41,ic42
erase01_2021-11-20_22-55-26_1421_1001.png,"['ic11', 'ic41']",1,0,0,0,0,0,1,0
erase01_2021-11-20_22-55-26_2600_2111.png,"['ic12', 'ic21', 'ic31', 'ic41']",0,1,1,0,1,0,1,0
erase01_2021-11-20_22-55-26_3344_1211.png,"['ic11', 'ic22', 'ic31', 'ic41']",1,0,0,1,1,0,1,0
erase01_2021-11-20_22-55-26_538_2122.png,"['ic12', 'ic21', 'ic32', 'ic42']",0,1,1,0,0,1,0,1
erase01_2021-11-20_22-55-26_8264_1022.png,"['ic11', 'ic32', 'ic42']",1,0,0,0,0,1,0,1
erase01_2021-11-20_22-55-26_9634_0111.png,"['ic21', 'ic31', 'ic41']",0,0,1,0,1,0,1,0
erase01_2021-11-20_22-55-27_1118_2202.png,"['ic12', 'ic22', 'ic42']",0,1,0,1,0,0,0,1
erase01_2021-11-20_22-55-27_1246_0111.png,"['ic21', 'ic31', 'ic41']",0,0,1,0,1,0,1,0
erase01_2021-11-20_22-55-27_1960_2001.png,"['ic12', 'ic41']",0,1,0,0,0,0,1,0
erase01_2021-11-20_22-55-27_2234_0220.png,"['ic22', 'ic32']",0,0,0,1,0,1,0,0
erase01_2021-11-20_22-55-27_2646_0020.png,['ic32'],0,0,0,0,0,1,0,0
erase01_2021-11-20_22-55-27_3191_1101.png,"['ic11', 'ic21', 'ic41']",1,0,1,0,0,0,1,0
erase01_2021-11-20_22-55-27_3286_0121.png,"['ic21', 'ic32', 'ic41']",0,0,1,0,0,1,1,0
erase01_2021-11-20_22-55-27_3692_0110.png,"['ic21', 'ic31']",0,0,1,0,1,0,0,0
erase01_2021-11-20_22-55-27_422_0022.png,"['ic32', 'ic42']",0,0,0,0,0,1,0,1
erase01_2021-11-20_22-55-27_4233_0200.png,['ic22'],0,0,0,1,0,0,0,0
erase01_2021-11-20_22-55-27_426_0212.png,"['ic22', 'ic31', 'ic42']",0,0,0,1,1,0,0,1
erase01_2021-11-20_22-55-27_4297_0211.png,"['ic22', 'ic31', 'ic41']",0,0,0,1,1,0,1,0
erase01_2021-11-20_22-55-27_4516_0102.png,"['ic21', 'ic42']",0,0,1,0,0,0,0,1
erase01_2021-11-20_22-55-27_4516_1200.png,"['ic11', 'ic22']",1,0,0,1,0,0,0,0
erase01_2021-11-20_22-55-27_4592_1202.png,"['ic11', 'ic22', 'ic42']",1,0,0,1,0,0,0,1
erase01_2021-11-20_22-55-27_4629_0101.png,"['ic21', 'ic41']",0,0,1,0,0,0,1,0
erase01_2021-11-20_22-55-27_4691_1021.png,"['ic11', 'ic32', 'ic41']",1,0,0,0,0,1,1,0
erase01_2021-11-20_22-55-27_4778_0010.png,['ic31'],0,0,0,0,1,0,0,0
erase01_2021-11-20_22-55-27_4797_2121.png,"['ic12', 'ic21', 'ic32', 'ic41']",0,1,1,0,0,1,1,0
erase01_2021-11-20_22-55-27_4921_0112.png,"['ic21', 'ic31', 'ic42']",0,0,1,0,1,0,0,1
erase01_2021-11-20_22-55-27_5241_2022.png,"['ic12', 'ic32', 'ic42']",0,1,0,0,0,1,0,1
erase01_2021-11-20_22-55-27_5375_0012.png,"['ic31', 'ic42']",0,0,0,0,1,0,0,1
erase01_2021-11-20_22-55-27_5407_2002.png,"['ic12', 'ic42']",0,1,0,0,0,0,0,1
erase01_2021-11-20_22-55-27_5727_1020.png,"['ic11', 'ic32']",1,0,0,0,0,1,0,0
erase01_2021-11-20_22-55-27_6082_2211.png,"['ic12', 'ic22', 'ic31', 'ic41']",0,1,0,1,1,0,1,0
erase01_2021-11-20_22-55-27_6537_1102.png,"['ic11', 'ic21', 'ic42']",1,0,1,0,0,0,0,1
erase01_2021-11-20_22-55-27_6759_0211.png,"['ic22', 'ic31', 'ic41']",0,0,0,1,1,0,1,0
erase01_2021-11-20_22-55-27_6961_1010.png,"['ic11', 'ic31']",1,0,0,0,1,0,0,0
erase01_2021-11-20_22-55-27_741_1000.png,['ic11'],1,0,0,0,0,0,0,0
erase01_2021-11-20_22-55-27_7832_2111.png,"['ic12', 'ic21', 'ic31', 'ic41']",0,1,1,0,1,0,1,0
erase01_2021-11-20_22-55-27_8023_1222.png,"['ic11', 'ic22', 'ic32', 'ic42']",1,0,0,1,0,1,0,1
erase01_2021-11-20_22-55-27_8123_2120.png,"['ic12', 'ic21', 'ic32']",0,1,1,0,0,1,0,0
erase01_2021-11-20_22-55-27_8147_2211.png,"['ic12', 'ic22', 'ic31', 'ic41']",0,1,0,1,1,0,1,0
erase01_2021-11-20_22-55-27_816_2012.png,"['ic12', 'ic31', 'ic42']",0,1,0,0,1,0,0,1
erase01_2021-11-20_22-55-27_8232_1000.png,['ic11'],1,0,0,0,0,0,0,0
erase01_2021-11-20_22-55-27_8705_1202.png,"['ic11', 'ic22', 'ic42']",1,0,0,1,0,0,0,1
erase01_2021-11-20_22-55-27_9129_1212.png,"['ic11', 'ic22', 'ic31', 'ic42']",1,0,0,1,1,0,0,1
erase01_2021-11-20_22-55-27_9210_1021.png,"['ic11', 'ic32', 'ic41']",1,0,0,0,0,1,1,0
erase01_2021-11-20_22-55-27_9254_2012.png,"['ic12', 'ic31', 'ic42']",0,1,0,0,1,0,0,1
erase01_2021-11-20_22-55-27_9625_0201.png,"['ic22', 'ic41']",0,0,0,1,0,0,1,0
erase01_2021-11-20_22-55-27_9628_0222.png,"['ic22', 'ic32', 'ic42']",0,0,0,1,0,1,0,1
erase01_2021-11-20_22-55-27_9745_2211.png,"['ic12', 'ic22', 'ic31', 'ic41']",0,1,0,1,1,0,1,0
erase01_2021-11-20_22-55-28_1737_2201.png,"['ic12', 'ic22', 'ic41']",0,1,0,1,0,0,1,0
erase01_2021-11-20_22-55-28_192_2201.png,"['ic12', 'ic22', 'ic41']",0,1,0,1,0,0,1,0
erase01_2021-11-20_22-55-28_2081_0010.png,['ic31'],0,0,0,0,1,0,0,0
erase01_2021-11-20_22-55-28_3067_1001.png,"['ic11', 'ic41']",1,0,0,0,0,0,1,0
erase01_2021-11-20_22-55-28_3923_1101.png,"['ic11', 'ic21', 'ic41']",1,0,1,0,0,0,1,0
erase01_2021-11-20_22-55-28_416_2002.png,"['ic12', 'ic42']",0,1,0,0,0,0,0,1
erase01_2021-11-20_22-55-28_4366_0011.png,"['ic31', 'ic41']",0,0,0,0,1,0,1,0
erase01_2021-11-20_22-55-28_4516_2202.png,"['ic12', 'ic22', 'ic42']",0,1,0,1,0,0,0,1
erase01_2021-11-20_22-55-28_4619_1101.png,"['ic11', 'ic21', 'ic41']",1,0,1,0,0,0,1,0
erase01_2021-11-20_22-55-28_4714_2111.png,"['ic12', 'ic21', 'ic31', 'ic41']",0,1,1,0,1,0,1,0
erase01_2021-11-20_22-55-28_48_1212.png,"['ic11', 'ic22', 'ic31', 'ic42']",1,0,0,1,1,0,0,1
erase01_2021-11-20_22-55-28_5095_1021.png,"['ic11', 'ic32', 'ic41']",1,0,0,0,0,1,1,0
erase01_2021-11-20_22-55-28_5116_1221.png,"['ic11', 'ic22', 'ic32', 'ic41']",1,0,0,1,0,1,1,0
erase01_2021-11-20_22-55-28_530_0211.png,"['ic22', 'ic31', 'ic41']",0,0,0,1,1,0,1,0
erase01_2021-11-20_22-55-28_5365_0212.png,"['ic22', 'ic31', 'ic42']",0,0,0,1,1,0,0,1
erase01_2021-11-20_22-55-28_580_2001.png,"['ic12', 'ic41']",0,1,0,0,0,0,1,0
erase01_2021-11-20_22-55-28_5855_0021.png,"['ic32', 'ic41']",0,0,0,0,0,1,1,0
erase01_2021-11-20_22-55-28_6401_1201.png,"['ic11', 'ic22', 'ic41']",1,0,0,1,0,0,1,0
erase01_2021-11-20_22-55-28_6469_1202.png,"['ic11', 'ic22', 'ic42']",1,0,0,1,0,0,0,1
erase01_2021-11-20_22-55-28_6819_2111.png,"['ic12', 'ic21', 'ic31', 'ic41']",0,1,1,0,1,0,1,0
erase01_2021-11-20_22-55-28_6997_1010.png,"['ic11', 'ic31']",1,0,0,0,1,0,0,0
erase01_2021-11-20_22-55-28_7162_0222.png,"['ic22', 'ic32', 'ic42']",0,0,0,1,0,1,0,1
erase01_2021-11-20_22-55-28_7196_0102.png,"['ic21', 'ic42']",0,0,1,0,0,0,0,1
erase01_2021-11-20_22-55-28_7218_2012.png,"['ic12', 'ic31', 'ic42']",0,1,0,0,1,0,0,1
erase01_2021-11-20_22-55-28_7291_2221.png,"['ic12', 'ic22', 'ic32', 'ic41']",0,1,0,1,0,1,1,0
erase01_2021-11-20_22-55-28_7757_2200.png,"['ic12', 'ic22']",0,1,0,1,0,0,0,0
erase01_2021-11-20_22-55-28_7810_2212.png,"['ic12', 'ic22', 'ic31', 'ic42']",0,1,0,1,1,0,0,1
erase01_2021-11-20_22-55-28_8019_2100.png,"['ic12', 'ic21']",0,1,1,0,0,0,0,0
erase01_2021-11-20_22-55-28_8070_2101.png,"['ic12', 'ic21', 'ic41']",0,1,1,0,0,0,1,0
erase01_2021-11-20_22-55-28_8366_0201.png,"['ic22', 'ic41']",0,0,0,1,0,0,1,0
erase01_2021-11-20_22-55-28_8719_0212.png,"['ic22', 'ic31', 'ic42']",0,0,0,1,1,0,0,1
erase01_2021-11-20_22-55-28_8902_1122.png,"['ic11', 'ic21', 'ic32', 'ic42']",1,0,1,0,0,1,0,1
erase01_2021-11-20_22-55-28_8918_1212.png,"['ic11', 'ic22', 'ic31', 'ic42']",1,0,0,1,1,0,0,1
erase01_2021-11-20_22-55-28_9077_2010.png,"['ic12', 'ic31']",0,1,0,0,1,0,0,0
erase01_2021-11-20_22-55-28_933_2020.png,"['ic12', 'ic32']",0,1,0,0,0,1,0,0
erase01_2021-11-20_22-55-28_9437_2120.png,"['ic12', 'ic21', 'ic32']",0,1,1,0,0,1,0,0
erase01_2021-11-20_22-55-28_9655_2012.png,"['ic12', 'ic31', 'ic42']",0,1,0,0,1,0,0,1
erase01_2021-11-20_22-55-28_9678_1210.png,"['ic11', 'ic22', 'ic31']",1,0,0,1,1,0,0,0
erase01_2021-11-20_22-55-28_9776_2020.png,"['ic12', 'ic32']",0,1,0,0,0,1,0,0
erase01_2021-11-20_22-55-28_9964_1020.png,"['ic11', 'ic32']",1,0,0,0,0,1,0,0
erase01_2021-11-20_22-55-29_1143_2001.png,"['ic12', 'ic41']",0,1,0,0,0,0,1,0
erase01_2021-11-20_22-55-29_1267_1111.png,"['ic11', 'ic21', 'ic31', 'ic41']",1,0,1,0,1,0,1,0
erase01_2021-11-20_22-55-29_1415_0211.png,"['ic22', 'ic31', 'ic41']",0,0,0,1,1,0,1,0
erase01_2021-11-20_22-55-29_1488_1212.png,"['ic11', 'ic22', 'ic31', 'ic42']",1,0,0,1,1,0,0,1
erase01_2021-11-20_22-55-29_1727_1101.png,"['ic11', 'ic21', 'ic41']",1,0,1,0,0,0,1,0
erase01_2021-11-20_22-55-29_1970_0121.png,"['ic21', 'ic32', 'ic41']",0,0,1,0,0,1,1,0
erase01_2021-11-20_22-55-29_2534_2111.png,"['ic12', 'ic21', 'ic31', 'ic41']",0,1,1,0,1,0,1,0
erase01_2021-11-20_22-55-29_2705_2002.png,"['ic12', 'ic42']",0,1,0,0,0,0,0,1
erase01_2021-11-20_22-55-29_3088_1210.png,"['ic11', 'ic22', 'ic31']",1,0,0,1,1,0,0,0
erase01_2021-11-20_22-55-29_3214_0021.png,"['ic32', 'ic41']",0,0,0,0,0,1,1,0
erase01_2021-11-20_22-55-29_3326_0211.png,"['ic22', 'ic31', 'ic41']",0,0,0,1,1,0,1,0
erase01_2021-11-20_22-55-29_3686_0110.png,"['ic21', 'ic31']",0,0,1,0,1,0,0,0
erase01_2021-11-20_22-55-29_3772_0221.png,"['ic22', 'ic32', 'ic41']",0,0,0,1,0,1,1,0
erase01_2021-11-20_22-55-29_3894_2121.png,"['ic12', 'ic21', 'ic32', 'ic41']",0,1,1,0,0,1,1,0
erase01_2021-11-20_22-55-29_3898_1100.png,"['ic11', 'ic21']",1,0,1,0,0,0,0,0
erase01_2021-11-20_22-55-29_4154_1102.png,"['ic11', 'ic21', 'ic42']",1,0,1,0,0,0,0,1
erase01_2021-11-20_22-55-29_4308_1121.png,"['ic11', 'ic21', 'ic32', 'ic41']",1,0,1,0,0,1,1,0
erase01_2021-11-20_22-55-29_4666_2121.png,"['ic12', 'ic21', 'ic32', 'ic41']",0,1,1,0,0,1,1,0
erase01_2021-11-20_22-55-29_4982_1012.png,"['ic11', 'ic31', 'ic42']",1,0,0,0,1,0,0,1
erase01_2021-11-20_22-55-29_5086_1000.png,['ic11'],1,0,0,0,0,0,0,0
erase01_2021-11-20_22-55-29_5121_2121.png,"['ic12', 'ic21', 'ic32', 'ic41']",0,1,1,0,0,1,1,0
erase01_2021-11-20_22-55-29_5208_1110.png,"['ic11', 'ic21', 'ic31']",1,0,1,0,1,0,0,0
erase01_2021-11-20_22-55-29_5371_2002.png,"['ic12', 'ic42']",0,1,0,0,0,0,0,1
erase01_2021-11-20_22-55-29_5782_2221.png,"['ic12', 'ic22', 'ic32', 'ic41']",0,1,0,1,0,1,1,0
erase01_2021-11-20_22-55-29_6142_1020.png,"['ic11', 'ic32']",1,0,0,0,0,1,0,0
erase01_2021-11-20_22-55-29_6640_2202.png,"['ic12', 'ic22', 'ic42']",0,1,0,1,0,0,0,1
erase01_2021-11-20_22-55-29_6826_1012.png,"['ic11', 'ic31', 'ic42']",1,0,0,0,1,0,0,1
erase01_2021-11-20_22-55-29_6880_1101.png,"['ic11', 'ic21', 'ic41']",1,0,1,0,0,0,1,0
erase01_2021-11-20_22-55-29_7192_2110.png,"['ic12', 'ic21', 'ic31']",0,1,1,0,1,0,0,0
erase01_2021-11-20_22-55-29_8563_2122.png,"['ic12', 'ic21', 'ic32', 'ic42']",0,1,1,0,0,1,0,1
erase01_2021-11-20_22-55-29_8655_0020.png,['ic32'],0,0,0,0,0,1,0,0
erase01_2021-11-20_22-55-29_8704_2121.png,"['ic12', 'ic21', 'ic32', 'ic41']",0,1,1,0,0,1,1,0
erase01_2021-11-20_22-55-29_878_0110.png,"['ic21', 'ic31']",0,0,1,0,1,0,0,0
erase01_2021-11-20_22-55-29_9090_2200.png,"['ic12', 'ic22']",0,1,0,1,0,0,0,0
erase01_2021-11-20_22-55-29_9194_2100.png,"['ic12', 'ic21']",0,1,1,0,0,0,0,0
erase01_2021-11-20_22-55-29_9422_0111.png,"['ic21', 'ic31', 'ic41']",0,0,1,0,1,0,1,0
erase01_2021-11-20_22-55-29_9570_0121.png,"['ic21', 'ic32', 'ic41']",0,0,1,0,0,1,1,0
erase01_2021-11-20_22-55-29_9695_2102.png,"['ic12', 'ic21', 'ic42']",0,1,1,0,0,0,0,1
erase01_2021-11-20_22-55-29_9706_1110.png,"['ic11', 'ic21', 'ic31']",1,0,1,0,1,0,0,0
erase01_2021-11-20_22-55-30_1057_2211.png,"['ic12', 'ic22', 'ic31', 'ic41']",0,1,0,1,1,0,1,0
erase01_2021-11-20_22-55-30_1216_2021.png,"['ic12', 'ic32', 'ic41']",0,1,0,0,0,1,1,0
erase01_2021-11-20_22-55-30_1398_2202.png,"['ic12', 'ic22', 'ic42']",0,1,0,1,0,0,0,1
erase01_2021-11-20_22-55-30_1610_1010.png,"['ic11', 'ic31']",1,0,0,0,1,0,0,0
erase01_2021-11-20_22-55-30_2183_0001.png,['ic41'],0,0,0,0,0,0,1,0
erase01_2021-11-20_22-55-30_2657_0102.png,"['ic21', 'ic42']",0,0,1,0,0,0,0,1
erase01_2021-11-20_22-55-30_2749_1011.png,"['ic11', 'ic31', 'ic41']",1,0,0,0,1,0,1,0
erase01_2021-11-20_22-55-30_3359_1222.png,"['ic11', 'ic22', 'ic32', 'ic42']",1,0,0,1,0,1,0,1
erase01_2021-11-20_22-55-30_351_2002.png,"['ic12', 'ic42']",0,1,0,0,0,0,0,1
erase01_2021-11-20_22-55-30_3543_0102.png,"['ic21', 'ic42']",0,0,1,0,0,0,0,1
erase01_2021-11-20_22-55-30_3548_0101.png,"['ic21', 'ic41']",0,0,1,0,0,0,1,0
erase01_2021-11-20_22-55-30_4074_0120.png,"['ic21', 'ic32']",0,0,1,0,0,1,0,0
erase01_2021-11-20_22-55-30_4081_2022.png,"['ic12', 'ic32', 'ic42']",0,1,0,0,0,1,0,1
erase01_2021-11-20_22-55-30_4326_0011.png,"['ic31', 'ic41']",0,0,0,0,1,0,1,0
erase01_2021-11-20_22-55-30_4343_2022.png,"['ic12', 'ic32', 'ic42']",0,1,0,0,0,1,0,1
erase01_2021-11-20_22-55-30_4535_0021.png,"['ic32', 'ic41']",0,0,0,0,0,1,1,0
erase01_2021-11-20_22-55-30_4666_2000.png,['ic12'],0,1,0,0,0,0,0,0
erase01_2021-11-20_22-55-30_4853_0212.png,"['ic22', 'ic31', 'ic42']",0,0,0,1,1,0,0,1
erase01_2021-11-20_22-55-30_5290_1201.png,"['ic11', 'ic22', 'ic41']",1,0,0,1,0,0,1,0
erase01_2021-11-20_22-55-30_5726_1021.png,"['ic11', 'ic32', 'ic41']",1,0,0,0,0,1,1,0
erase01_2021-11-20_22-55-30_576_1102.png,"['ic11', 'ic21', 'ic42']",1,0,1,0,0,0,0,1
erase01_2021-11-20_22-55-30_6173_0120.png,"['ic21', 'ic32']",0,0,1,0,0,1,0,0
erase01_2021-11-20_22-55-30_6719_0001.png,['ic41'],0,0,0,0,0,0,1,0
erase01_2021-11-20_22-55-30_6862_1021.png,"['ic11', 'ic32', 'ic41']",1,0,0,0,0,1,1,0
erase01_2021-11-20_22-55-30_6887_2112.png,"['ic12', 'ic21', 'ic31', 'ic42']",0,1,1,0,1,0,0,1
erase01_2021-11-20_22-55-30_7058_0022.png,"['ic32', 'ic42']",0,0,0,0,0,1,0,1
erase01_2021-11-20_22-55-30_758_1122.png,"['ic11', 'ic21', 'ic32', 'ic42']",1,0,1,0,0,1,0,1
erase01_2021-11-20_22-55-30_7720_2021.png,"['ic12', 'ic32', 'ic41']",0,1,0,0,0,1,1,0
erase01_2021-11-20_22-55-30_8295_2222.png,"['ic12', 'ic22', 'ic32', 'ic42']",0,1,0,1,0,1,0,1
erase01_2021-11-20_22-55-30_833_0100.png,['ic21'],0,0,1,0,0,0,0,0
erase01_2021-11-20_22-55-30_8432_2011.png,"['ic12', 'ic31', 'ic41']",0,1,0,0,1,0,1,0
erase01_2021-11-20_22-55-30_8456_0211.png,"['ic22', 'ic31', 'ic41']",0,0,0,1,1,0,1,0
erase01_2021-11-20_22-55-30_8685_2022.png,"['ic12', 'ic32', 'ic42']",0,1,0,0,0,1,0,1
erase01_2021-11-20_22-55-30_8906_1011.png,"['ic11', 'ic31', 'ic41']",1,0,0,0,1,0,1,0
erase01_2021-11-20_22-55-30_9136_2002.png,"['ic12', 'ic42']",0,1,0,0,0,0,0,1
erase01_2021-11-20_22-55-30_9185_1022.png,"['ic11', 'ic32', 'ic42']",1,0,0,0,0,1,0,1
erase01_2021-11-20_22-55-30_9355_1111.png,"['ic11', 'ic21', 'ic31', 'ic41']",1,0,1,0,1,0,1,0
erase01_2021-11-20_22-55-30_9479_0012.png,"['ic31', 'ic42']",0,0,0,0,1,0,0,1
erase01_2021-11-20_22-55-30_9496_0102.png,"['ic21', 'ic42']",0,0,1,0,0,0,0,1
erase01_2021-11-20_22-55-31_1330_0210.png,"['ic22', 'ic31']",0,0,0,1,1,0,0,0
erase01_2021-11-20_22-55-31_155_2011.png,"['ic12', 'ic31', 'ic41']",0,1,0,0,1,0,1,0
erase01_2021-11-20_22-55-31_1699_0022.png,"['ic32', 'ic42']",0,0,0,0,0,1,0,1
erase01_2021-11-20_22-55-31_1842_2002.png,"['ic12', 'ic42']",0,1,0,0,0,0,0,1
erase01_2021-11-20_22-55-31_2646_0010.png,['ic31'],0,0,0,0,1,0,0,0
erase01_2021-11-20_22-55-31_2868_1112.png,"['ic11', 'ic21', 'ic31', 'ic42']",1,0,1,0,1,0,0,1
erase01_2021-11-20_22-55-31_3395_0202.png,"['ic22', 'ic42']",0,0,0,1,0,0,0,1
erase01_2021-11-20_22-55-31_3559_2121.png,"['ic12', 'ic21', 'ic32', 'ic41']",0,1,1,0,0,1,1,0
erase01_2021-11-20_22-55-31_4179_2020.png,"['ic12', 'ic32']",0,1,0,0,0,1,0,0
erase01_2021-11-20_22-55-31_4484_1220.png,"['ic11', 'ic22', 'ic32']",1,0,0,1,0,1,0,0
erase01_2021-11-20_22-55-31_4528_0200.png,['ic22'],0,0,0,1,0,0,0,0
erase01_2021-11-20_22-55-31_4733_1020.png,"['ic11', 'ic32']",1,0,0,0,0,1,0,0
erase01_2021-11-20_22-55-31_4865_2122.png,"['ic12', 'ic21', 'ic32', 'ic42']",0,1,1,0,0,1,0,1
erase01_2021-11-20_22-55-31_5029_0020.png,['ic32'],0,0,0,0,0,1,0,0
erase01_2021-11-20_22-55-31_5471_0212.png,"['ic22', 'ic31', 'ic42']",0,0,0,1,1,0,0,1
erase01_2021-11-20_22-55-31_5530_0222.png,"['ic22', 'ic32', 'ic42']",0,0,0,1,0,1,0,1
erase01_2021-11-20_22-55-31_6046_1201.png,"['ic11', 'ic22', 'ic41']",1,0,0,1,0,0,1,0
erase01_2021-11-20_22-55-31_6210_1101.png,"['ic11', 'ic21', 'ic41']",1,0,1,0,0,0,1,0
erase01_2021-11-20_22-55-31_6388_1201.png,"['ic11', 'ic22', 'ic41']",1,0,0,1,0,0,1,0
erase01_2021-11-20_22-55-31_6986_1012.png,"['ic11', 'ic31', 'ic42']",1,0,0,0,1,0,0,1
erase01_2021-11-20_22-55-31_7012_1202.png,"['ic11', 'ic22', 'ic42']",1,0,0,1,0,0,0,1
erase01_2021-11-20_22-55-31_712_1100.png,"['ic11', 'ic21']",1,0,1,0,0,0,0,0
erase01_2021-11-20_22-55-31_7173_0200.png,['ic22'],0,0,0,1,0,0,0,0
erase01_2021-11-20_22-55-31_7218_1222.png,"['ic11', 'ic22', 'ic32', 'ic42']",1,0,0,1,0,1,0,1
erase01_2021-11-20_22-55-31_7858_1121.png,"['ic11', 'ic21', 'ic32', 'ic41']",1,0,1,0,0,1,1,0
erase01_2021-11-20_22-55-31_8102_0010.png,['ic31'],0,0,0,0,1,0,0,0
erase01_2021-11-20_22-55-31_8221_2020.png,"['ic12', 'ic32']",0,1,0,0,0,1,0,0
erase01_2021-11-20_22-55-31_831_1010.png,"['ic11', 'ic31']",1,0,0,0,1,0,0,0
erase01_2021-11-20_22-55-31_8407_2020.png,"['ic12', 'ic32']",0,1,0,0,0,1,0,0
erase01_2021-11-20_22-55-31_8541_0211.png,"['ic22', 'ic31', 'ic41']",0,0,0,1,1,0,1,0
erase01_2021-11-20_22-55-31_8628_1120.png,"['ic11', 'ic21', 'ic32']",1,0,1,0,0,1,0,0
erase01_2021-11-20_22-55-31_9586_0120.png,"['ic21', 'ic32']",0,0,1,0,0,1,0,0
erase01_2021-11-20_22-55-31_9616_2012.png,"['ic12', 'ic31', 'ic42']",0,1,0,0,1,0,0,1
erase01_2021-11-20_22-55-31_9859_2022.png,"['ic12', 'ic32', 'ic42']",0,1,0,0,0,1,0,1
erase02_2021-11-20_22-55-31_2083_0011.png,"['ic31', 'ic41']",0,0,0,0,1,0,1,0
erase02_2021-11-20_22-55-31_2251_1201.png,"['ic11', 'ic22', 'ic41']",1,0,0,1,0,0,1,0
erase02_2021-11-20_22-55-31_3257_2000.png,['ic12'],0,1,0,0,0,0,0,0
erase02_2021-11-20_22-55-31_3928_2020.png,"['ic12', 'ic32']",0,1,0,0,0,1,0,0
erase02_2021-11-20_22-55-31_4277_2121.png,"['ic12', 'ic21', 'ic32', 'ic41']",0,1,1,0,0,1,1,0
erase02_2021-11-20_22-55-31_4501_1102.png,"['ic11', 'ic21', 'ic42']",1,0,1,0,0,0,0,1
erase02_2021-11-20_22-55-31_5468_0121.png,"['ic21', 'ic32', 'ic41']",0,0,1,0,0,1,1,0
erase02_2021-11-20_22-55-32_1002_1012.png,"['ic11', 'ic31', 'ic42']",1,0,0,0,1,0,0,1
erase02_2021-11-20_22-55-32_1222_1222.png,"['ic11', 'ic22', 'ic32', 'ic42']",1,0,0,1,0,1,0,1
erase02_2021-11-20_22-55-32_1432_1201.png,"['ic11', 'ic22', 'ic41']",1,0,0,1,0,0,1,0
erase02_2021-11-20_22-55-32_1513_0222.png,"['ic22', 'ic32', 'ic42']",0,0,0,1,0,1,0,1
erase02_2021-11-20_22-55-32_1867_0120.png,"['ic21', 'ic32']",0,0,1,0,0,1,0,0
erase02_2021-11-20_22-55-32_1962_0110.png,"['ic21', 'ic31']",0,0,1,0,1,0,0,0
erase02_2021-11-20_22-55-32_1993_1221.png,"['ic11', 'ic22', 'ic32', 'ic41']",1,0,0,1,0,1,1,0
erase02_2021-11-20_22-55-32_2010_0011.png,"['ic31', 'ic41']",0,0,0,0,1,0,1,0
erase02_2021-11-20_22-55-32_2135_0101.png,"['ic21', 'ic41']",0,0,1,0,0,0,1,0
erase02_2021-11-20_22-55-32_2407_1110.png,"['ic11', 'ic21', 'ic31']",1,0,1,0,1,0,0,0
erase02_2021-11-20_22-55-32_2539_2111.png,"['ic12', 'ic21', 'ic31', 'ic41']",0,1,1,0,1,0,1,0
erase02_2021-11-20_22-55-32_2897_1221.png,"['ic11', 'ic22', 'ic32', 'ic41']",1,0,0,1,0,1,1,0
erase02_2021-11-20_22-55-32_3043_1210.png,"['ic11', 'ic22', 'ic31']",1,0,0,1,1,0,0,0
erase02_2021-11-20_22-55-32_3400_0200.png,['ic22'],0,0,0,1,0,0,0,0
erase02_2021-11-20_22-55-32_3879_2212.png,"['ic12', 'ic22', 'ic31', 'ic42']",0,1,0,1,1,0,0,1
erase02_2021-11-20_22-55-32_4050_0210.png,"['ic22', 'ic31']",0,0,0,1,1,0,0,0
erase02_2021-11-20_22-55-32_4188_1110.png,"['ic11', 'ic21', 'ic31']",1,0,1,0,1,0,0,0
erase02_2021-11-20_22-55-32_4303_0101.png,"['ic21', 'ic41']",0,0,1,0,0,0,1,0
erase02_2021-11-20_22-55-32_4457_0211.png,"['ic22', 'ic31', 'ic41']",0,0,0,1,1,0,1,0
erase02_2021-11-20_22-55-32_4926_0221.png,"['ic22', 'ic32', 'ic41']",0,0,0,1,0,1,1,0
erase02_2021-11-20_22-55-32_4984_1001.png,"['ic11', 'ic41']",1,0,0,0,0,0,1,0
erase02_2021-11-20_22-55-32_501_1000.png,['ic11'],1,0,0,0,0,0,0,0
erase02_2021-11-20_22-55-32_5262_1211.png,"['ic11', 'ic22', 'ic31', 'ic41']",1,0,0,1,1,0,1,0
erase02_2021-11-20_22-55-32_627_0012.png,"['ic31', 'ic42']",0,0,0,0,1,0,0,1
erase02_2021-11-20_22-55-32_6301_0222.png,"['ic22', 'ic32', 'ic42']",0,0,0,1,0,1,0,1
erase02_2021-11-20_22-55-32_6440_0200.png,['ic22'],0,0,0,1,0,0,0,0
erase02_2021-11-20_22-55-32_6519_1221.png,"['ic11', 'ic22', 'ic32', 'ic41']",1,0,0,1,0,1,1,0
erase02_2021-11-20_22-55-32_6977_2200.png,"['ic12', 'ic22']",0,1,0,1,0,0,0,0
erase02_2021-11-20_22-55-32_7210_2012.png,"['ic12', 'ic31', 'ic42']",0,1,0,0,1,0,0,1
erase02_2021-11-20_22-55-32_7411_0112.png,"['ic21', 'ic31', 'ic42']",0,0,1,0,1,0,0,1
erase02_2021-11-20_22-55-32_7704_0120.png,"['ic21', 'ic32']",0,0,1,0,0,1,0,0
erase02_2021-11-20_22-55-32_7796_1210.png,"['ic11', 'ic22', 'ic31']",1,0,0,1,1,0,0,0
erase02_2021-11-20_22-55-32_7850_1000.png,['ic11'],1,0,0,0,0,0,0,0
erase02_2021-11-20_22-55-32_7996_2020.png,"['ic12', 'ic32']",0,1,0,0,0,1,0,0
erase02_2021-11-20_22-55-32_8187_2121.png,"['ic12', 'ic21', 'ic32', 'ic41']",0,1,1,0,0,1,1,0
erase02_2021-11-20_22-55-32_828_2201.png,"['ic12', 'ic22', 'ic41']",0,1,0,1,0,0,1,0
erase02_2021-11-20_22-55-32_8387_1210.png,"['ic11', 'ic22', 'ic31']",1,0,0,1,1,0,0,0
erase02_2021-11-20_22-55-32_8659_2002.png,"['ic12', 'ic42']",0,1,0,0,0,0,0,1
erase02_2021-11-20_22-55-32_8802_1221.png,"['ic11', 'ic22', 'ic32', 'ic41']",1,0,0,1,0,1,1,0
erase02_2021-11-20_22-55-32_8859_0001.png,['ic41'],0,0,0,0,0,0,1,0
erase02_2021-11-20_22-55-32_9627_2100.png,"['ic12', 'ic21']",0,1,1,0,0,0,0,0
erase02_2021-11-20_22-55-33_1035_1212.png,"['ic11', 'ic22', 'ic31', 'ic42']",1,0,0,1,1,0,0,1
erase02_2021-11-20_22-55-33_110_2112.png,"['ic12', 'ic21', 'ic31', 'ic42']",0,1,1,0,1,0,0,1
erase02_2021-11-20_22-55-33_11_0011.png,"['ic31', 'ic41']",0,0,0,0,1,0,1,0
erase02_2021-11-20_22-55-33_1368_2010.png,"['ic12', 'ic31']",0,1,0,0,1,0,0,0
erase02_2021-11-20_22-55-33_1376_2101.png,"['ic12', 'ic21', 'ic41']",0,1,1,0,0,0,1,0
erase02_2021-11-20_22-55-33_1998_1010.png,"['ic11', 'ic31']",1,0,0,0,1,0,0,0
erase02_2021-11-20_22-55-33_2222_0122.png,"['ic21', 'ic32', 'ic42']",0,0,1,0,0,1,0,1
erase02_2021-11-20_22-55-33_2228_0101.png,"['ic21', 'ic41']",0,0,1,0,0,0,1,0
erase02_2021-11-20_22-55-33_2247_1220.png,"['ic11', 'ic22', 'ic32']",1,0,0,1,0,1,0,0
erase02_2021-11-20_22-55-33_2395_0012.png,"['ic31', 'ic42']",0,0,0,0,1,0,0,1
erase02_2021-11-20_22-55-33_2694_2200.png,"['ic12', 'ic22']",0,1,0,1,0,0,0,0
erase02_2021-11-20_22-55-33_2731_2101.png,"['ic12', 'ic21', 'ic41']",0,1,1,0,0,0,1,0
erase02_2021-11-20_22-55-33_3198_2010.png,"['ic12', 'ic31']",0,1,0,0,1,0,0,0
erase02_2021-11-20_22-55-33_3209_1210.png,"['ic11', 'ic22', 'ic31']",1,0,0,1,1,0,0,0
erase02_2021-11-20_22-55-33_3334_2110.png,"['ic12', 'ic21', 'ic31']",0,1,1,0,1,0,0,0
erase02_2021-11-20_22-55-33_3474_2120.png,"['ic12', 'ic21', 'ic32']",0,1,1,0,0,1,0,0
erase02_2021-11-20_22-55-33_3518_2011.png,"['ic12', 'ic31', 'ic41']",0,1,0,0,1,0,1,0
erase02_2021-11-20_22-55-33_398_2110.png,"['ic12', 'ic21', 'ic31']",0,1,1,0,1,0,0,0
erase02_2021-11-20_22-55-33_421_1211.png,"['ic11', 'ic22', 'ic31', 'ic41']",1,0,0,1,1,0,1,0
erase02_2021-11-20_22-55-33_4326_1211.png,"['ic11', 'ic22', 'ic31', 'ic41']",1,0,0,1,1,0,1,0
erase02_2021-11-20_22-55-33_4438_2022.png,"['ic12', 'ic32', 'ic42']",0,1,0,0,0,1,0,1
erase02_2021-11-20_22-55-33_4476_0100.png,['ic21'],0,0,1,0,0,0,0,0
erase02_2021-11-20_22-55-33_4715_2102.png,"['ic12', 'ic21', 'ic42']",0,1,1,0,0,0,0,1
erase02_2021-11-20_22-55-33_4830_1020.png,"['ic11', 'ic32']",1,0,0,0,0,1,0,0
erase02_2021-11-20_22-55-33_5014_0110.png,"['ic21', 'ic31']",0,0,1,0,1,0,0,0
erase02_2021-11-20_22-55-33_5280_2200.png,"['ic12', 'ic22']",0,1,0,1,0,0,0,0
erase02_2021-11-20_22-55-33_5379_0212.png,"['ic22', 'ic31', 'ic42']",0,0,0,1,1,0,0,1
erase02_2021-11-20_22-55-33_5425_0022.png,"['ic32', 'ic42']",0,0,0,0,0,1,0,1
erase02_2021-11-20_22-55-33_5506_0212.png,"['ic22', 'ic31', 'ic42']",0,0,0,1,1,0,0,1
erase02_2021-11-20_22-55-33_5530_0120.png,"['ic21', 'ic32']",0,0,1,0,0,1,0,0
erase02_2021-11-20_22-55-33_5547_2001.png,"['ic12', 'ic41']",0,1,0,0,0,0,1,0
erase02_2021-11-20_22-55-33_5864_2221.png,"['ic12', 'ic22', 'ic32', 'ic41']",0,1,0,1,0,1,1,0
erase02_2021-11-20_22-55-33_6249_0121.png,"['ic21', 'ic32', 'ic41']",0,0,1,0,0,1,1,0
erase02_2021-11-20_22-55-33_7008_0120.png,"['ic21', 'ic32']",0,0,1,0,0,1,0,0
erase02_2021-11-20_22-55-33_7162_2200.png,"['ic12', 'ic22']",0,1,0,1,0,0,0,0
erase02_2021-11-20_22-55-33_7395_2120.png,"['ic12', 'ic21', 'ic32']",0,1,1,0,0,1,0,0
erase02_2021-11-20_22-55-33_73_0002.png,['ic42'],0,0,0,0,0,0,0,1
erase02_2021-11-20_22-55-33_7419_0012.png,"['ic31', 'ic42']",0,0,0,0,1,0,0,1
erase02_2021-11-20_22-55-33_8217_2010.png,"['ic12', 'ic31']",0,1,0,0,1,0,0,0
erase02_2021-11-20_22-55-33_8290_0001.png,['ic41'],0,0,0,0,0,0,1,0
erase02_2021-11-20_22-55-33_8456_1210.png,"['ic11', 'ic22', 'ic31']",1,0,0,1,1,0,0,0
erase02_2021-11-20_22-55-33_8708_2201.png,"['ic12', 'ic22', 'ic41']",0,1,0,1,0,0,1,0
erase02_2021-11-20_22-55-33_8788_0211.png,"['ic22', 'ic31', 'ic41']",0,0,0,1,1,0,1,0
erase02_2021-11-20_22-55-33_892_2221.png,"['ic12', 'ic22', 'ic32', 'ic41']",0,1,0,1,0,1,1,0
erase02_2021-11-20_22-55-33_9000_2000.png,['ic12'],0,1,0,0,0,0,0,0
erase02_2021-11-20_22-55-33_9470_1111.png,"['ic11', 'ic21', 'ic31', 'ic41']",1,0,1,0,1,0,1,0
erase02_2021-11-20_22-55-33_9503_1100.png,"['ic11', 'ic21']",1,0,1,0,0,0,0,0
erase02_2021-11-20_22-55-34_1578_2011.png,"['ic12', 'ic31', 'ic41']",0,1,0,0,1,0,1,0
erase02_2021-11-20_22-55-34_1610_1002.png,"['ic11', 'ic42']",1,0,0,0,0,0,0,1
erase02_2021-11-20_22-55-34_1934_1220.png,"['ic11', 'ic22', 'ic32']",1,0,0,1,0,1,0,0
erase02_2021-11-20_22-55-34_2465_1000.png,['ic11'],1,0,0,0,0,0,0,0
erase02_2021-11-20_22-55-34_2542_0102.png,"['ic21', 'ic42']",0,0,1,0,0,0,0,1
erase02_2021-11-20_22-55-34_2721_1011.png,"['ic11', 'ic31', 'ic41']",1,0,0,0,1,0,1,0
erase02_2021-11-20_22-55-34_296_1012.png,"['ic11', 'ic31', 'ic42']",1,0,0,0,1,0,0,1
erase02_2021-11-20_22-55-34_3056_0020.png,['ic32'],0,0,0,0,0,1,0,0
erase02_2021-11-20_22-55-34_3064_1122.png,"['ic11', 'ic21', 'ic32', 'ic42']",1,0,1,0,0,1,0,1
erase02_2021-11-20_22-55-34_307_0011.png,"['ic31', 'ic41']",0,0,0,0,1,0,1,0
erase02_2021-11-20_22-55-34_3144_2112.png,"['ic12', 'ic21', 'ic31', 'ic42']",0,1,1,0,1,0,0,1
erase02_2021-11-20_22-55-34_3516_2021.png,"['ic12', 'ic32', 'ic41']",0,1,0,0,0,1,1,0
erase02_2021-11-20_22-55-34_3942_1111.png,"['ic11', 'ic21', 'ic31', 'ic41']",1,0,1,0,1,0,1,0
erase02_2021-11-20_22-55-34_3948_2211.png,"['ic12', 'ic22', 'ic31', 'ic41']",0,1,0,1,1,0,1,0
erase02_2021-11-20_22-55-34_3993_2020.png,"['ic12', 'ic32']",0,1,0,0,0,1,0,0
erase02_2021-11-20_22-55-34_4088_2221.png,"['ic12', 'ic22', 'ic32', 'ic41']",0,1,0,1,0,1,1,0
erase02_2021-11-20_22-55-34_416_1121.png,"['ic11', 'ic21', 'ic32', 'ic41']",1,0,1,0,0,1,1,0
erase02_2021-11-20_22-55-34_4260_0002.png,['ic42'],0,0,0,0,0,0,0,1
erase02_2021-11-20_22-55-34_4274_0101.png,"['ic21', 'ic41']",0,0,1,0,0,0,1,0
erase02_2021-11-20_22-55-34_4582_2111.png,"['ic12', 'ic21', 'ic31', 'ic41']",0,1,1,0,1,0,1,0
erase02_2021-11-20_22-55-34_4900_1000.png,['ic11'],1,0,0,0,0,0,0,0
erase02_2021-11-20_22-55-34_582_1000.png,['ic11'],1,0,0,0,0,0,0,0
erase02_2021-11-20_22-55-34_5886_0220.png,"['ic22', 'ic32']",0,0,0,1,0,1,0,0
erase02_2021-11-20_22-55-34_6005_2110.png,"['ic12', 'ic21', 'ic31']",0,1,1,0,1,0,0,0
erase02_2021-11-20_22-55-34_6214_1120.png,"['ic11', 'ic21', 'ic32']",1,0,1,0,0,1,0,0
erase02_2021-11-20_22-55-34_6598_2212.png,"['ic12', 'ic22', 'ic31', 'ic42']",0,1,0,1,1,0,0,1
erase02_2021-11-20_22-55-34_7520_0200.png,['ic22'],0,0,0,1,0,0,0,0
erase02_2021-11-20_22-55-34_7642_2101.png,"['ic12', 'ic21', 'ic41']",0,1,1,0,0,0,1,0
erase02_2021-11-20_22-55-34_7721_1012.png,"['ic11', 'ic31', 'ic42']",1,0,0,0,1,0,0,1
erase02_2021-11-20_22-55-34_7782_0010.png,['ic31'],0,0,0,0,1,0,0,0
erase02_2021-11-20_22-55-34_7941_1121.png,"['ic11', 'ic21', 'ic32', 'ic41']",1,0,1,0,0,1,1,0
erase02_2021-11-20_22-55-34_8030_2220.png,"['ic12', 'ic22', 'ic32']",0,1,0,1,0,1,0,0
erase02_2021-11-20_22-55-34_8840_1120.png,"['ic11', 'ic21', 'ic32']",1,0,1,0,0,1,0,0
erase02_2021-11-20_22-55-34_9026_1021.png,"['ic11', 'ic32', 'ic41']",1,0,0,0,0,1,1,0
erase02_2021-11-20_22-55-34_9073_1112.png,"['ic11', 'ic21', 'ic31', 'ic42']",1,0,1,0,1,0,0,1
erase02_2021-11-20_22-55-34_935_1220.png,"['ic11', 'ic22', 'ic32']",1,0,0,1,0,1,0,0
erase02_2021-11-20_22-55-34_9389_0101.png,"['ic21', 'ic41']",0,0,1,0,0,0,1,0
erase02_2021-11-20_22-55-34_9549_1100.png,"['ic11', 'ic21']",1,0,1,0,0,0,0,0
erase02_2021-11-20_22-55-34_9665_2200.png,"['ic12', 'ic22']",0,1,0,1,0,0,0,0
erase02_2021-11-20_22-55-34_9748_1202.png,"['ic11', 'ic22', 'ic42']",1,0,0,1,0,0,0,1
erase02_2021-11-20_22-55-34_9808_0001.png,['ic41'],0,0,0,0,0,0,1,0
erase02_2021-11-20_22-55-34_9887_0011.png,"['ic31', 'ic41']",0,0,0,0,1,0,1,0
erase02_2021-11-20_22-55-34_9934_0212.png,"['ic22', 'ic31', 'ic42']",0,0,0,1,1,0,0,1
erase02_2021-11-20_22-55-35_1209_1201.png,"['ic11', 'ic22', 'ic41']",1,0,0,1,0,0,1,0
erase02_2021-11-20_22-55-35_1954_1112.png,"['ic11', 'ic21', 'ic31', 'ic42']",1,0,1,0,1,0,0,1
erase02_2021-11-20_22-55-35_2114_0210.png,"['ic22', 'ic31']",0,0,0,1,1,0,0,0
erase02_2021-11-20_22-55-35_2258_0221.png,"['ic22', 'ic32', 'ic41']",0,0,0,1,0,1,1,0
erase02_2021-11-20_22-55-35_2329_2110.png,"['ic12', 'ic21', 'ic31']",0,1,1,0,1,0,0,0
erase02_2021-11-20_22-55-35_2753_0111.png,"['ic21', 'ic31', 'ic41']",0,0,1,0,1,0,1,0
erase02_2021-11-20_22-55-35_316_2001.png,"['ic12', 'ic41']",0,1,0,0,0,0,1,0
erase02_2021-11-20_22-55-35_3240_1001.png,"['ic11', 'ic41']",1,0,0,0,0,0,1,0
erase02_2021-11-20_22-55-35_3328_2111.png,"['ic12', 'ic21', 'ic31', 'ic41']",0,1,1,0,1,0,1,0
erase02_2021-11-20_22-55-35_3501_0212.png,"['ic22', 'ic31', 'ic42']",0,0,0,1,1,0,0,1
erase02_2021-11-20_22-55-35_3601_1211.png,"['ic11', 'ic22', 'ic31', 'ic41']",1,0,0,1,1,0,1,0
erase02_2021-11-20_22-55-35_3734_2222.png,"['ic12', 'ic22', 'ic32', 'ic42']",0,1,0,1,0,1,0,1
erase02_2021-11-20_22-55-35_3907_2202.png,"['ic12', 'ic22', 'ic42']",0,1,0,1,0,0,0,1
erase02_2021-11-20_22-55-35_3935_1011.png,"['ic11', 'ic31', 'ic41']",1,0,0,0,1,0,1,0
erase02_2021-11-20_22-55-35_4030_1022.png,"['ic11', 'ic32', 'ic42']",1,0,0,0,0,1,0,1
erase02_2021-11-20_22-55-35_414_0102.png,"['ic21', 'ic42']",0,0,1,0,0,0,0,1
erase02_2021-11-20_22-55-35_4303_0200.png,['ic22'],0,0,0,1,0,0,0,0
erase02_2021-11-20_22-55-35_4362_0202.png,"['ic22', 'ic42']",0,0,0,1,0,0,0,1
erase02_2021-11-20_22-55-35_4479_2200.png,"['ic12', 'ic22']",0,1,0,1,0,0,0,0
erase02_2021-11-20_22-55-35_4741_0221.png,"['ic22', 'ic32', 'ic41']",0,0,0,1,0,1,1,0
erase02_2021-11-20_22-55-35_4818_1211.png,"['ic11', 'ic22', 'ic31', 'ic41']",1,0,0,1,1,0,1,0
erase02_2021-11-20_22-55-35_6172_0012.png,"['ic31', 'ic42']",0,0,0,0,1,0,0,1
erase02_2021-11-20_22-55-35_6995_1101.png,"['ic11', 'ic21', 'ic41']",1,0,1,0,0,0,1,0
erase02_2021-11-20_22-55-35_7014_1221.png,"['ic11', 'ic22', 'ic32', 'ic41']",1,0,0,1,0,1,1,0
erase02_2021-11-20_22-55-35_7111_2100.png,"['ic12', 'ic21']",0,1,1,0,0,0,0,0
erase02_2021-11-20_22-55-35_7150_0210.png,"['ic22', 'ic31']",0,0,0,1,1,0,0,0
erase02_2021-11-20_22-55-35_7153_1022.png,"['ic11', 'ic32', 'ic42']",1,0,0,0,0,1,0,1
erase02_2021-11-20_22-55-35_7606_1102.png,"['ic11', 'ic21', 'ic42']",1,0,1,0,0,0,0,1
erase02_2021-11-20_22-55-35_8333_1220.png,"['ic11', 'ic22', 'ic32']",1,0,0,1,0,1,0,0
erase02_2021-11-20_22-55-35_8509_0122.png,"['ic21', 'ic32', 'ic42']",0,0,1,0,0,1,0,1
erase02_2021-11-20_22-55-35_8528_1001.png,"['ic11', 'ic41']",1,0,0,0,0,0,1,0
erase02_2021-11-20_22-55-35_8848_0210.png,"['ic22', 'ic31']",0,0,0,1,1,0,0,0
erase02_2021-11-20_22-55-35_8890_0202.png,"['ic22', 'ic42']",0,0,0,1,0,0,0,1
erase02_2021-11-20_22-55-35_9215_2202.png,"['ic12', 'ic22', 'ic42']",0,1,0,1,0,0,0,1
erase02_2021-11-20_22-55-35_9248_1100.png,"['ic11', 'ic21']",1,0,1,0,0,0,0,0
erase02_2021-11-20_22-55-35_9371_2201.png,"['ic12', 'ic22', 'ic41']",0,1,0,1,0,0,1,0
erase02_2021-11-20_22-55-35_9504_0222.png,"['ic22', 'ic32', 'ic42']",0,0,0,1,0,1,0,1
erase02_2021-11-20_22-55-35_9535_1212.png,"['ic11', 'ic22', 'ic31', 'ic42']",1,0,0,1,1,0,0,1
erase02_2021-11-20_22-55-35_9649_0222.png,"['ic22', 'ic32', 'ic42']",0,0,0,1,0,1,0,1
erase02_2021-11-20_22-55-35_9713_0120.png,"['ic21', 'ic32']",0,0,1,0,0,1,0,0
erase02_2021-11-20_22-55-35_9725_1110.png,"['ic11', 'ic21', 'ic31']",1,0,1,0,1,0,0,0
erase02_2021-11-20_22-55-35_9920_1221.png,"['ic11', 'ic22', 'ic32', 'ic41']",1,0,0,1,0,1,1,0
erase02_2021-11-20_22-55-36_1212_2012.png,"['ic12', 'ic31', 'ic42']",0,1,0,0,1,0,0,1
erase02_2021-11-20_22-55-36_158_1210.png,"['ic11', 'ic22', 'ic31']",1,0,0,1,1,0,0,0
erase02_2021-11-20_22-55-36_1762_2201.png,"['ic12', 'ic22', 'ic41']",0,1,0,1,0,0,1,0
erase02_2021-11-20_22-55-36_2824_1200.png,"['ic11', 'ic22']",1,0,0,1,0,0,0,0
erase02_2021-11-20_22-55-36_2914_1011.png,"['ic11', 'ic31', 'ic41']",1,0,0,0,1,0,1,0
erase02_2021-11-20_22-55-36_2946_2122.png,"['ic12', 'ic21', 'ic32', 'ic42']",0,1,1,0,0,1,0,1
erase02_2021-11-20_22-55-36_3935_0100.png,['ic21'],0,0,1,0,0,0,0,0
erase02_2021-11-20_22-55-36_406_0202.png,"['ic22', 'ic42']",0,0,0,1,0,0,0,1
erase02_2021-11-20_22-55-36_4117_0121.png,"['ic21', 'ic32', 'ic41']",0,0,1,0,0,1,1,0
erase02_2021-11-20_22-55-36_4293_0220.png,"['ic22', 'ic32']",0,0,0,1,0,1,0,0
erase02_2021-11-20_22-55-36_4545_2102.png,"['ic12', 'ic21', 'ic42']",0,1,1,0,0,0,0,1
erase02_2021-11-20_22-55-36_5803_0001.png,['ic41'],0,0,0,0,0,0,1,0
erase02_2021-11-20_22-55-36_6638_2022.png,"['ic12', 'ic32', 'ic42']",0,1,0,0,0,1,0,1
erase02_2021-11-20_22-55-36_7096_0122.png,"['ic21', 'ic32', 'ic42']",0,0,1,0,0,1,0,1
erase02_2021-11-20_22-55-36_7743_0120.png,"['ic21', 'ic32']",0,0,1,0,0,1,0,0
erase02_2021-11-20_22-55-36_7878_0220.png,"['ic22', 'ic32']",0,0,0,1,0,1,0,0
erase02_2021-11-20_22-55-36_8454_2112.png,"['ic12', 'ic21', 'ic31', 'ic42']",0,1,1,0,1,0,0,1
erase02_2021-11-20_22-55-36_8468_1220.png,"['ic11', 'ic22', 'ic32']",1,0,0,1,0,1,0,0
erase02_2021-11-20_22-55-36_8641_0220.png,"['ic22', 'ic32']",0,0,0,1,0,1,0,0
erase02_2021-11-20_22-55-36_8786_1111.png,"['ic11', 'ic21', 'ic31', 'ic41']",1,0,1,0,1,0,1,0
erase03_2021-11-20_22-55-36_1653_2222.png,"['ic12', 'ic22', 'ic32', 'ic42']",0,1,0,1,0,1,0,1
erase03_2021-11-20_22-55-36_1756_0221.png,"['ic22', 'ic32', 'ic41']",0,0,0,1,0,1,1,0
erase03_2021-11-20_22-55-36_177_0121.png,"['ic21', 'ic32', 'ic41']",0,0,1,0,0,1,1,0
erase03_2021-11-20_22-55-36_2030_0221.png,"['ic22', 'ic32', 'ic41']",0,0,0,1,0,1,1,0
erase03_2021-11-20_22-55-36_243_2221.png,"['ic12', 'ic22', 'ic32', 'ic41']",0,1,0,1,0,1,1,0
erase03_2021-11-20_22-55-36_2826_1210.png,"['ic11', 'ic22', 'ic31']",1,0,0,1,1,0,0,0
erase03_2021-11-20_22-55-36_3065_1111.png,"['ic11', 'ic21', 'ic31', 'ic41']",1,0,1,0,1,0,1,0
erase03_2021-11-20_22-55-36_3070_1011.png,"['ic11', 'ic31', 'ic41']",1,0,0,0,1,0,1,0
erase03_2021-11-20_22-55-36_3459_2120.png,"['ic12', 'ic21', 'ic32']",0,1,1,0,0,1,0,0
erase03_2021-11-20_22-55-36_3490_1101.png,"['ic11', 'ic21', 'ic41']",1,0,1,0,0,0,1,0
erase03_2021-11-20_22-55-36_3643_0110.png,"['ic21', 'ic31']",0,0,1,0,1,0,0,0
erase03_2021-11-20_22-55-36_3944_1021.png,"['ic11', 'ic32', 'ic41']",1,0,0,0,0,1,1,0
erase03_2021-11-20_22-55-36_4049_0222.png,"['ic22', 'ic32', 'ic42']",0,0,0,1,0,1,0,1
erase03_2021-11-20_22-55-36_4569_1012.png,"['ic11', 'ic31', 'ic42']",1,0,0,0,1,0,0,1
erase03_2021-11-20_22-55-36_4664_2120.png,"['ic12', 'ic21', 'ic32']",0,1,1,0,0,1,0,0
erase03_2021-11-20_22-55-36_5028_1220.png,"['ic11', 'ic22', 'ic32']",1,0,0,1,0,1,0,0
erase03_2021-11-20_22-55-36_5032_0012.png,"['ic31', 'ic42']",0,0,0,0,1,0,0,1
erase03_2021-11-20_22-55-36_5254_2022.png,"['ic12', 'ic32', 'ic42']",0,1,0,0,0,1,0,1
erase03_2021-11-20_22-55-36_5709_1111.png,"['ic11', 'ic21', 'ic31', 'ic41']",1,0,1,0,1,0,1,0
erase03_2021-11-20_22-55-36_5733_2221.png,"['ic12', 'ic22', 'ic32', 'ic41']",0,1,0,1,0,1,1,0
erase03_2021-11-20_22-55-36_6092_0101.png,"['ic21', 'ic41']",0,0,1,0,0,0,1,0
erase03_2021-11-20_22-55-36_6522_0120.png,"['ic21', 'ic32']",0,0,1,0,0,1,0,0
erase03_2021-11-20_22-55-36_6836_1112.png,"['ic11', 'ic21', 'ic31', 'ic42']",1,0,1,0,1,0,0,1
erase03_2021-11-20_22-55-36_7143_0022.png,"['ic32', 'ic42']",0,0,0,0,0,1,0,1
erase03_2021-11-20_22-55-36_8777_2102.png,"['ic12', 'ic21', 'ic42']",0,1,1,0,0,0,0,1
erase03_2021-11-20_22-55-36_9021_2022.png,"['ic12', 'ic32', 'ic42']",0,1,0,0,0,1,0,1
erase03_2021-11-20_22-55-37_1010_1102.png,"['ic11', 'ic21', 'ic42']",1,0,1,0,0,0,0,1
erase03_2021-11-20_22-55-37_1190_0200.png,['ic22'],0,0,0,1,0,0,0,0
erase03_2021-11-20_22-55-37_1670_0201.png,"['ic22', 'ic41']",0,0,0,1,0,0,1,0
erase03_2021-11-20_22-55-37_1725_0110.png,"['ic21', 'ic31']",0,0,1,0,1,0,0,0
erase03_2021-11-20_22-55-37_1787_2220.png,"['ic12', 'ic22', 'ic32']",0,1,0,1,0,1,0,0
erase03_2021-11-20_22-55-37_1793_1020.png,"['ic11', 'ic32']",1,0,0,0,0,1,0,0
erase03_2021-11-20_22-55-37_1938_0220.png,"['ic22', 'ic32']",0,0,0,1,0,1,0,0
erase03_2021-11-20_22-55-37_2160_1200.png,"['ic11', 'ic22']",1,0,0,1,0,0,0,0
erase03_2021-11-20_22-55-37_2324_2102.png,"['ic12', 'ic21', 'ic42']",0,1,1,0,0,0,0,1
erase03_2021-11-20_22-55-37_2834_1111.png,"['ic11', 'ic21', 'ic31', 'ic41']",1,0,1,0,1,0,1,0
erase03_2021-11-20_22-55-37_2867_1220.png,"['ic11', 'ic22', 'ic32']",1,0,0,1,0,1,0,0
erase03_2021-11-20_22-55-37_2892_1210.png,"['ic11', 'ic22', 'ic31']",1,0,0,1,1,0,0,0
erase03_2021-11-20_22-55-37_2970_0200.png,['ic22'],0,0,0,1,0,0,0,0
erase03_2021-11-20_22-55-37_303_0120.png,"['ic21', 'ic32']",0,0,1,0,0,1,0,0
erase03_2021-11-20_22-55-37_3051_2001.png,"['ic12', 'ic41']",0,1,0,0,0,0,1,0
erase03_2021-11-20_22-55-37_3783_1101.png,"['ic11', 'ic21', 'ic41']",1,0,1,0,0,0,1,0
erase03_2021-11-20_22-55-37_4204_0111.png,"['ic21', 'ic31', 'ic41']",0,0,1,0,1,0,1,0
erase03_2021-11-20_22-55-37_4380_0021.png,"['ic32', 'ic41']",0,0,0,0,0,1,1,0
erase03_2021-11-20_22-55-37_4612_0101.png,"['ic21', 'ic41']",0,0,1,0,0,0,1,0
erase03_2021-11-20_22-55-37_4813_0210.png,"['ic22', 'ic31']",0,0,0,1,1,0,0,0
erase03_2021-11-20_22-55-37_4910_0120.png,"['ic21', 'ic32']",0,0,1,0,0,1,0,0
erase03_2021-11-20_22-55-37_5001_1202.png,"['ic11', 'ic22', 'ic42']",1,0,0,1,0,0,0,1
erase03_2021-11-20_22-55-37_5389_1201.png,"['ic11', 'ic22', 'ic41']",1,0,0,1,0,0,1,0
erase03_2021-11-20_22-55-37_5416_2121.png,"['ic12', 'ic21', 'ic32', 'ic41']",0,1,1,0,0,1,1,0
erase03_2021-11-20_22-55-37_5609_2010.png,"['ic12', 'ic31']",0,1,0,0,1,0,0,0
erase03_2021-11-20_22-55-37_6698_2002.png,"['ic12', 'ic42']",0,1,0,0,0,0,0,1
erase03_2021-11-20_22-55-37_699_1002.png,"['ic11', 'ic42']",1,0,0,0,0,0,0,1
erase03_2021-11-20_22-55-37_7384_1022.png,"['ic11', 'ic32', 'ic42']",1,0,0,0,0,1,0,1
erase03_2021-11-20_22-55-37_738_1220.png,"['ic11', 'ic22', 'ic32']",1,0,0,1,0,1,0,0
erase03_2021-11-20_22-55-37_7499_1200.png,"['ic11', 'ic22']",1,0,0,1,0,0,0,0
erase03_2021-11-20_22-55-37_7568_1221.png,"['ic11', 'ic22', 'ic32', 'ic41']",1,0,0,1,0,1,1,0
erase03_2021-11-20_22-55-37_7700_0111.png,"['ic21', 'ic31', 'ic41']",0,0,1,0,1,0,1,0
erase03_2021-11-20_22-55-37_7969_1120.png,"['ic11', 'ic21', 'ic32']",1,0,1,0,0,1,0,0
erase03_2021-11-20_22-55-37_7998_1200.png,"['ic11', 'ic22']",1,0,0,1,0,0,0,0
erase03_2021-11-20_22-55-37_8956_1000.png,['ic11'],1,0,0,0,0,0,0,0
erase03_2021-11-20_22-55-37_8995_2222.png,"['ic12', 'ic22', 'ic32', 'ic42']",0,1,0,1,0,1,0,1
erase03_2021-11-20_22-55-37_8_1111.png,"['ic11', 'ic21', 'ic31', 'ic41']",1,0,1,0,1,0,1,0
erase03_2021-11-20_22-55-37_9066_1110.png,"['ic11', 'ic21', 'ic31']",1,0,1,0,1,0,0,0
erase03_2021-11-20_22-55-37_9160_1002.png,"['ic11', 'ic42']",1,0,0,0,0,0,0,1
erase03_2021-11-20_22-55-37_9559_0001.png,['ic41'],0,0,0,0,0,0,1,0
erase03_2021-11-20_22-55-37_9801_2102.png,"['ic12', 'ic21', 'ic42']",0,1,1,0,0,0,0,1
erase03_2021-11-20_22-55-37_9929_0222.png,"['ic22', 'ic32', 'ic42']",0,0,0,1,0,1,0,1
erase03_2021-11-20_22-55-38_1189_1120.png,"['ic11', 'ic21', 'ic32']",1,0,1,0,0,1,0,0
erase03_2021-11-20_22-55-38_1618_1122.png,"['ic11', 'ic21', 'ic32', 'ic42']",1,0,1,0,0,1,0,1
erase03_2021-11-20_22-55-38_1646_1122.png,"['ic11', 'ic21', 'ic32', 'ic42']",1,0,1,0,0,1,0,1
erase03_2021-11-20_22-55-38_1790_1121.png,"['ic11', 'ic21', 'ic32', 'ic41']",1,0,1,0,0,1,1,0
erase03_2021-11-20_22-55-38_1912_2002.png,"['ic12', 'ic42']",0,1,0,0,0,0,0,1
erase03_2021-11-20_22-55-38_2027_2110.png,"['ic12', 'ic21', 'ic31']",0,1,1,0,1,0,0,0
erase03_2021-11-20_22-55-38_2146_2222.png,"['ic12', 'ic22', 'ic32', 'ic42']",0,1,0,1,0,1,0,1
erase03_2021-11-20_22-55-38_2320_1112.png,"['ic11', 'ic21', 'ic31', 'ic42']",1,0,1,0,1,0,0,1
erase03_2021-11-20_22-55-38_2538_0211.png,"['ic22', 'ic31', 'ic41']",0,0,0,1,1,0,1,0
erase03_2021-11-20_22-55-38_264_2111.png,"['ic12', 'ic21', 'ic31', 'ic41']",0,1,1,0,1,0,1,0
erase03_2021-11-20_22-55-38_2720_0201.png,"['ic22', 'ic41']",0,0,0,1,0,0,1,0
erase03_2021-11-20_22-55-38_3081_0012.png,"['ic31', 'ic42']",0,0,0,0,1,0,0,1
erase03_2021-11-20_22-55-38_3266_1222.png,"['ic11', 'ic22', 'ic32', 'ic42']",1,0,0,1,0,1,0,1
erase03_2021-11-20_22-55-38_3439_0100.png,['ic21'],0,0,1,0,0,0,0,0
erase03_2021-11-20_22-55-38_3581_2101.png,"['ic12', 'ic21', 'ic41']",0,1,1,0,0,0,1,0
erase03_2021-11-20_22-55-38_3653_2111.png,"['ic12', 'ic21', 'ic31', 'ic41']",0,1,1,0,1,0,1,0
erase03_2021-11-20_22-55-38_3859_2001.png,"['ic12', 'ic41']",0,1,0,0,0,0,1,0
erase03_2021-11-20_22-55-38_3888_1220.png,"['ic11', 'ic22', 'ic32']",1,0,0,1,0,1,0,0
erase03_2021-11-20_22-55-38_4409_0002.png,['ic42'],0,0,0,0,0,0,0,1
erase03_2021-11-20_22-55-38_4454_1012.png,"['ic11', 'ic31', 'ic42']",1,0,0,0,1,0,0,1
erase03_2021-11-20_22-55-38_4539_1110.png,"['ic11', 'ic21', 'ic31']",1,0,1,0,1,0,0,0
erase03_2021-11-20_22-55-38_4584_2000.png,['ic12'],0,1,0,0,0,0,0,0
erase03_2021-11-20_22-55-38_4916_0012.png,"['ic31', 'ic42']",0,0,0,0,1,0,0,1
erase03_2021-11-20_22-55-38_5001_0200.png,['ic22'],0,0,0,1,0,0,0,0
erase03_2021-11-20_22-55-38_5491_2101.png,"['ic12', 'ic21', 'ic41']",0,1,1,0,0,0,1,0
erase03_2021-11-20_22-55-38_6288_0102.png,"['ic21', 'ic42']",0,0,1,0,0,0,0,1
erase03_2021-11-20_22-55-38_6316_0200.png,['ic22'],0,0,0,1,0,0,0,0
erase03_2021-11-20_22-55-38_7017_2221.png,"['ic12', 'ic22', 'ic32', 'ic41']",0,1,0,1,0,1,1,0
erase03_2021-11-20_22-55-38_7196_0200.png,['ic22'],0,0,0,1,0,0,0,0
erase03_2021-11-20_22-55-38_7408_1220.png,"['ic11', 'ic22', 'ic32']",1,0,0,1,0,1,0,0
erase03_2021-11-20_22-55-38_8334_0101.png,"['ic21', 'ic41']",0,0,1,0,0,0,1,0
erase03_2021-11-20_22-55-38_8381_0101.png,"['ic21', 'ic41']",0,0,1,0,0,0,1,0
erase03_2021-11-20_22-55-38_8563_0120.png,"['ic21', 'ic32']",0,0,1,0,0,1,0,0
erase03_2021-11-20_22-55-38_8684_2020.png,"['ic12', 'ic32']",0,1,0,0,0,1,0,0
erase03_2021-11-20_22-55-38_8932_2112.png,"['ic12', 'ic21', 'ic31', 'ic42']",0,1,1,0,1,0,0,1
erase03_2021-11-20_22-55-38_9020_2020.png,"['ic12', 'ic32']",0,1,0,0,0,1,0,0
erase03_2021-11-20_22-55-38_9189_2202.png,"['ic12', 'ic22', 'ic42']",0,1,0,1,0,0,0,1
erase03_2021-11-20_22-55-38_9284_1222.png,"['ic11', 'ic22', 'ic32', 'ic42']",1,0,0,1,0,1,0,1
erase03_2021-11-20_22-55-38_9324_2121.png,"['ic12', 'ic21', 'ic32', 'ic41']",0,1,1,0,0,1,1,0
erase03_2021-11-20_22-55-38_9423_1020.png,"['ic11', 'ic32']",1,0,0,0,0,1,0,0
erase03_2021-11-20_22-55-39_1123_0112.png,"['ic21', 'ic31', 'ic42']",0,0,1,0,1,0,0,1
erase03_2021-11-20_22-55-39_1292_2202.png,"['ic12', 'ic22', 'ic42']",0,1,0,1,0,0,0,1
erase03_2021-11-20_22-55-39_1317_1110.png,"['ic11', 'ic21', 'ic31']",1,0,1,0,1,0,0,0
erase03_2021-11-20_22-55-39_18_2010.png,"['ic12', 'ic31']",0,1,0,0,1,0,0,0
erase03_2021-11-20_22-55-39_2343_2120.png,"['ic12', 'ic21', 'ic32']",0,1,1,0,0,1,0,0
erase03_2021-11-20_22-55-39_2460_0101.png,"['ic21', 'ic41']",0,0,1,0,0,0,1,0
erase03_2021-11-20_22-55-39_2982_1200.png,"['ic11', 'ic22']",1,0,0,1,0,0,0,0
erase03_2021-11-20_22-55-39_3282_1101.png,"['ic11', 'ic21', 'ic41']",1,0,1,0,0,0,1,0
erase03_2021-11-20_22-55-39_3324_0102.png,"['ic21', 'ic42']",0,0,1,0,0,0,0,1
erase03_2021-11-20_22-55-39_3412_2002.png,"['ic12', 'ic42']",0,1,0,0,0,0,0,1
erase03_2021-11-20_22-55-39_3758_2211.png,"['ic12', 'ic22', 'ic31', 'ic41']",0,1,0,1,1,0,1,0
erase03_2021-11-20_22-55-39_3973_1101.png,"['ic11', 'ic21', 'ic41']",1,0,1,0,0,0,1,0
erase03_2021-11-20_22-55-39_4213_0200.png,['ic22'],0,0,0,1,0,0,0,0
erase03_2021-11-20_22-55-39_4313_0122.png,"['ic21', 'ic32', 'ic42']",0,0,1,0,0,1,0,1
erase03_2021-11-20_22-55-39_4395_1210.png,"['ic11', 'ic22', 'ic31']",1,0,0,1,1,0,0,0
erase03_2021-11-20_22-55-39_4643_1001.png,"['ic11', 'ic41']",1,0,0,0,0,0,1,0
erase03_2021-11-20_22-55-39_5124_0120.png,"['ic21', 'ic32']",0,0,1,0,0,1,0,0
erase03_2021-11-20_22-55-39_5154_0012.png,"['ic31', 'ic42']",0,0,0,0,1,0,0,1
erase03_2021-11-20_22-55-39_5287_1211.png,"['ic11', 'ic22', 'ic31', 'ic41']",1,0,0,1,1,0,1,0
erase03_2021-11-20_22-55-39_5302_1010.png,"['ic11', 'ic31']",1,0,0,0,1,0,0,0
erase03_2021-11-20_22-55-39_530_2012.png,"['ic12', 'ic31', 'ic42']",0,1,0,0,1,0,0,1
erase03_2021-11-20_22-55-39_5378_1122.png,"['ic11', 'ic21', 'ic32', 'ic42']",1,0,1,0,0,1,0,1
erase03_2021-11-20_22-55-39_5434_1200.png,"['ic11', 'ic22']",1,0,0,1,0,0,0,0
erase03_2021-11-20_22-55-39_5532_1210.png,"['ic11', 'ic22', 'ic31']",1,0,0,1,1,0,0,0
erase03_2021-11-20_22-55-39_5558_1101.png,"['ic11', 'ic21', 'ic41']",1,0,1,0,0,0,1,0
erase03_2021-11-20_22-55-39_5853_2002.png,"['ic12', 'ic42']",0,1,0,0,0,0,0,1
erase03_2021-11-20_22-55-39_5933_0020.png,['ic32'],0,0,0,0,0,1,0,0
erase03_2021-11-20_22-55-39_6036_0102.png,"['ic21', 'ic42']",0,0,1,0,0,0,0,1
erase03_2021-11-20_22-55-39_6042_1111.png,"['ic11', 'ic21', 'ic31', 'ic41']",1,0,1,0,1,0,1,0
erase03_2021-11-20_22-55-39_6102_1122.png,"['ic11', 'ic21', 'ic32', 'ic42']",1,0,1,0,0,1,0,1
erase03_2021-11-20_22-55-39_6246_2002.png,"['ic12', 'ic42']",0,1,0,0,0,0,0,1
erase03_2021-11-20_22-55-39_6677_1020.png,"['ic11', 'ic32']",1,0,0,0,0,1,0,0
erase03_2021-11-20_22-55-39_6840_0201.png,"['ic22', 'ic41']",0,0,0,1,0,0,1,0
erase03_2021-11-20_22-55-39_6848_1221.png,"['ic11', 'ic22', 'ic32', 'ic41']",1,0,0,1,0,1,1,0
erase03_2021-11-20_22-55-39_6963_0102.png,"['ic21', 'ic42']",0,0,1,0,0,0,0,1
erase03_2021-11-20_22-55-39_7113_2000.png,['ic12'],0,1,0,0,0,0,0,0
erase03_2021-11-20_22-55-39_7157_1212.png,"['ic11', 'ic22', 'ic31', 'ic42']",1,0,0,1,1,0,0,1
erase03_2021-11-20_22-55-39_7287_1100.png,"['ic11', 'ic21']",1,0,1,0,0,0,0,0
erase03_2021-11-20_22-55-39_7532_0220.png,"['ic22', 'ic32']",0,0,0,1,0,1,0,0
erase03_2021-11-20_22-55-39_8249_2211.png,"['ic12', 'ic22', 'ic31', 'ic41']",0,1,0,1,1,0,1,0
erase03_2021-11-20_22-55-39_8277_1200.png,"['ic11', 'ic22']",1,0,0,1,0,0,0,0
erase03_2021-11-20_22-55-39_82_1010.png,"['ic11', 'ic31']",1,0,0,0,1,0,0,0
erase03_2021-11-20_22-55-39_8470_2120.png,"['ic12', 'ic21', 'ic32']",0,1,1,0,0,1,0,0
erase03_2021-11-20_22-55-39_8823_2122.png,"['ic12', 'ic21', 'ic32', 'ic42']",0,1,1,0,0,1,0,1
erase03_2021-11-20_22-55-39_8897_2221.png,"['ic12', 'ic22', 'ic32', 'ic41']",0,1,0,1,0,1,1,0
erase03_2021-11-20_22-55-39_9088_1000.png,['ic11'],1,0,0,0,0,0,0,0
erase03_2021-11-20_22-55-39_9385_0220.png,"['ic22', 'ic32']",0,0,0,1,0,1,0,0
erase03_2021-11-20_22-55-39_978_0210.png,"['ic22', 'ic31']",0,0,0,1,1,0,0,0
erase03_2021-11-20_22-55-39_9824_1001.png,"['ic11', 'ic41']",1,0,0,0,0,0,1,0
erase03_2021-11-20_22-55-40_1446_1001.png,"['ic11', 'ic41']",1,0,0,0,0,0,1,0
erase03_2021-11-20_22-55-40_1652_1120.png,"['ic11', 'ic21', 'ic32']",1,0,1,0,0,1,0,0
erase03_2021-11-20_22-55-40_1920_1000.png,['ic11'],1,0,0,0,0,0,0,0
erase03_2021-11-20_22-55-40_2054_0021.png,"['ic32', 'ic41']",0,0,0,0,0,1,1,0
erase03_2021-11-20_22-55-40_212_1020.png,"['ic11', 'ic32']",1,0,0,0,0,1,0,0
erase03_2021-11-20_22-55-40_2163_0200.png,['ic22'],0,0,0,1,0,0,0,0
erase03_2021-11-20_22-55-40_2177_2122.png,"['ic12', 'ic21', 'ic32', 'ic42']",0,1,1,0,0,1,0,1
erase03_2021-11-20_22-55-40_2218_0111.png,"['ic21', 'ic31', 'ic41']",0,0,1,0,1,0,1,0
erase03_2021-11-20_22-55-40_2299_2201.png,"['ic12', 'ic22', 'ic41']",0,1,0,1,0,0,1,0
erase03_2021-11-20_22-55-40_2464_0121.png,"['ic21', 'ic32', 'ic41']",0,0,1,0,0,1,1,0
erase03_2021-11-20_22-55-40_2762_2001.png,"['ic12', 'ic41']",0,1,0,0,0,0,1,0
erase03_2021-11-20_22-55-40_2860_2200.png,"['ic12', 'ic22']",0,1,0,1,0,0,0,0
erase03_2021-11-20_22-55-40_2933_1201.png,"['ic11', 'ic22', 'ic41']",1,0,0,1,0,0,1,0
erase03_2021-11-20_22-55-40_2959_2222.png,"['ic12', 'ic22', 'ic32', 'ic42']",0,1,0,1,0,1,0,1
erase03_2021-11-20_22-55-40_3057_0220.png,"['ic22', 'ic32']",0,0,0,1,0,1,0,0
erase03_2021-11-20_22-55-40_3096_0020.png,['ic32'],0,0,0,0,0,1,0,0
erase03_2021-11-20_22-55-40_3472_2211.png,"['ic12', 'ic22', 'ic31', 'ic41']",0,1,0,1,1,0,1,0
erase03_2021-11-20_22-55-40_3618_2201.png,"['ic12', 'ic22', 'ic41']",0,1,0,1,0,0,1,0
erase03_2021-11-20_22-55-40_383_1021.png,"['ic11', 'ic32', 'ic41']",1,0,0,0,0,1,1,0
erase03_2021-11-20_22-55-40_4219_1111.png,"['ic11', 'ic21', 'ic31', 'ic41']",1,0,1,0,1,0,1,0
erase03_2021-11-20_22-55-40_4386_0120.png,"['ic21', 'ic32']",0,0,1,0,0,1,0,0
erase03_2021-11-20_22-55-40_4390_0111.png,"['ic21', 'ic31', 'ic41']",0,0,1,0,1,0,1,0
erase03_2021-11-20_22-55-40_4632_0012.png,"['ic31', 'ic42']",0,0,0,0,1,0,0,1
erase03_2021-11-20_22-55-40_483_0002.png,['ic42'],0,0,0,0,0,0,0,1
erase03_2021-11-20_22-55-40_4853_2211.png,"['ic12', 'ic22', 'ic31', 'ic41']",0,1,0,1,1,0,1,0
erase03_2021-11-20_22-55-40_498_0012.png,"['ic31', 'ic42']",0,0,0,0,1,0,0,1
erase03_2021-11-20_22-55-40_5274_0020.png,['ic32'],0,0,0,0,0,1,0,0
erase03_2021-11-20_22-55-40_549_2111.png,"['ic12', 'ic21', 'ic31', 'ic41']",0,1,1,0,1,0,1,0
erase03_2021-11-20_22-55-40_5702_2222.png,"['ic12', 'ic22', 'ic32', 'ic42']",0,1,0,1,0,1,0,1
erase03_2021-11-20_22-55-40_60_0002.png,['ic42'],0,0,0,0,0,0,0,1
erase03_2021-11-20_22-55-40_6772_1222.png,"['ic11', 'ic22', 'ic32', 'ic42']",1,0,0,1,0,1,0,1
erase03_2021-11-20_22-55-40_6939_2210.png,"['ic12', 'ic22', 'ic31']",0,1,0,1,1,0,0,0
erase03_2021-11-20_22-55-40_6966_2122.png,"['ic12', 'ic21', 'ic32', 'ic42']",0,1,1,0,0,1,0,1
erase03_2021-11-20_22-55-40_7083_0222.png,"['ic22', 'ic32', 'ic42']",0,0,0,1,0,1,0,1
erase03_2021-11-20_22-55-40_70_2010.png,"['ic12', 'ic31']",0,1,0,0,1,0,0,0
erase03_2021-11-20_22-55-40_7636_2110.png,"['ic12', 'ic21', 'ic31']",0,1,1,0,1,0,0,0
erase03_2021-11-20_22-55-40_7767_0010.png,['ic31'],0,0,0,0,1,0,0,0
erase03_2021-11-20_22-55-40_8080_0101.png,"['ic21', 'ic41']",0,0,1,0,0,0,1,0
erase03_2021-11-20_22-55-40_8385_1121.png,"['ic11', 'ic21', 'ic32', 'ic41']",1,0,1,0,0,1,1,0
erase03_2021-11-20_22-55-40_8631_1101.png,"['ic11', 'ic21', 'ic41']",1,0,1,0,0,0,1,0
erase03_2021-11-20_22-55-40_8994_1121.png,"['ic11', 'ic21', 'ic32', 'ic41']",1,0,1,0,0,1,1,0
erase03_2021-11-20_22-55-40_9134_2121.png,"['ic12', 'ic21', 'ic32', 'ic41']",0,1,1,0,0,1,1,0
erase03_2021-11-20_22-55-40_96_2101.png,"['ic12', 'ic21', 'ic41']",0,1,1,0,0,0,1,0
erase04_2021-11-20_22-55-40_1746_0002.png,['ic42'],0,0,0,0,0,0,0,1
erase04_2021-11-20_22-55-40_8913_0011.png,"['ic31', 'ic41']",0,0,0,0,1,0,1,0
erase04_2021-11-20_22-55-41_1156_2002.png,"['ic12', 'ic42']",0,1,0,0,0,0,0,1
erase04_2021-11-20_22-55-41_188_1000.png,['ic11'],1,0,0,0,0,0,0,0
erase04_2021-11-20_22-55-41_1967_1222.png,"['ic11', 'ic22', 'ic32', 'ic42']",1,0,0,1,0,1,0,1
erase04_2021-11-20_22-55-41_2401_1011.png,"['ic11', 'ic31', 'ic41']",1,0,0,0,1,0,1,0
erase04_2021-11-20_22-55-41_2420_2012.png,"['ic12', 'ic31', 'ic42']",0,1,0,0,1,0,0,1
erase04_2021-11-20_22-55-41_2421_1211.png,"['ic11', 'ic22', 'ic31', 'ic41']",1,0,0,1,1,0,1,0
erase04_2021-11-20_22-55-41_3449_0121.png,"['ic21', 'ic32', 'ic41']",0,0,1,0,0,1,1,0
erase04_2021-11-20_22-55-41_3895_2021.png,"['ic12', 'ic32', 'ic41']",0,1,0,0,0,1,1,0
erase04_2021-11-20_22-55-41_4157_1220.png,"['ic11', 'ic22', 'ic32']",1,0,0,1,0,1,0,0
erase04_2021-11-20_22-55-41_4300_1200.png,"['ic11', 'ic22']",1,0,0,1,0,0,0,0
erase04_2021-11-20_22-55-41_443_0020.png,['ic32'],0,0,0,0,0,1,0,0
erase04_2021-11-20_22-55-41_4481_2122.png,"['ic12', 'ic21', 'ic32', 'ic42']",0,1,1,0,0,1,0,1
erase04_2021-11-20_22-55-41_475_0112.png,"['ic21', 'ic31', 'ic42']",0,0,1,0,1,0,0,1
erase04_2021-11-20_22-55-41_4763_1110.png,"['ic11', 'ic21', 'ic31']",1,0,1,0,1,0,0,0
erase04_2021-11-20_22-55-41_491_2201.png,"['ic12', 'ic22', 'ic41']",0,1,0,1,0,0,1,0
erase04_2021-11-20_22-55-41_4972_0120.png,"['ic21', 'ic32']",0,0,1,0,0,1,0,0
erase04_2021-11-20_22-55-41_5265_1001.png,"['ic11', 'ic41']",1,0,0,0,0,0,1,0
erase04_2021-11-20_22-55-41_539_0210.png,"['ic22', 'ic31']",0,0,0,1,1,0,0,0
erase04_2021-11-20_22-55-41_5415_2222.png,"['ic12', 'ic22', 'ic32', 'ic42']",0,1,0,1,0,1,0,1
erase04_2021-11-20_22-55-41_5471_1200.png,"['ic11', 'ic22']",1,0,0,1,0,0,0,0
erase04_2021-11-20_22-55-41_5724_1221.png,"['ic11', 'ic22', 'ic32', 'ic41']",1,0,0,1,0,1,1,0
erase04_2021-11-20_22-55-41_6302_0122.png,"['ic21', 'ic32', 'ic42']",0,0,1,0,0,1,0,1
erase04_2021-11-20_22-55-41_6412_0200.png,['ic22'],0,0,0,1,0,0,0,0
erase04_2021-11-20_22-55-41_6521_0120.png,"['ic21', 'ic32']",0,0,1,0,0,1,0,0
erase04_2021-11-20_22-55-41_6562_1220.png,"['ic11', 'ic22', 'ic32']",1,0,0,1,0,1,0,0
erase04_2021-11-20_22-55-41_6838_0202.png,"['ic22', 'ic42']",0,0,0,1,0,0,0,1
erase04_2021-11-20_22-55-41_7126_0110.png,"['ic21', 'ic31']",0,0,1,0,1,0,0,0
erase04_2021-11-20_22-55-41_7195_0020.png,['ic32'],0,0,0,0,0,1,0,0
erase04_2021-11-20_22-55-41_7441_1022.png,"['ic11', 'ic32', 'ic42']",1,0,0,0,0,1,0,1
erase04_2021-11-20_22-55-41_8119_2220.png,"['ic12', 'ic22', 'ic32']",0,1,0,1,0,1,0,0
erase04_2021-11-20_22-55-41_8192_2210.png,"['ic12', 'ic22', 'ic31']",0,1,0,1,1,0,0,0
erase04_2021-11-20_22-55-41_8624_0202.png,"['ic22', 'ic42']",0,0,0,1,0,0,0,1
erase04_2021-11-20_22-55-41_8816_0121.png,"['ic21', 'ic32', 'ic41']",0,0,1,0,0,1,1,0
erase04_2021-11-20_22-55-41_9193_0022.png,"['ic32', 'ic42']",0,0,0,0,0,1,0,1
erase04_2021-11-20_22-55-41_9655_2020.png,"['ic12', 'ic32']",0,1,0,0,0,1,0,0
erase04_2021-11-20_22-55-41_965_0102.png,"['ic21', 'ic42']",0,0,1,0,0,0,0,1
erase04_2021-11-20_22-55-41_974_2000.png,['ic12'],0,1,0,0,0,0,0,0
erase04_2021-11-20_22-55-41_9969_1200.png,"['ic11', 'ic22']",1,0,0,1,0,0,0,0
erase04_2021-11-20_22-55-42_1226_1210.png,"['ic11', 'ic22', 'ic31']",1,0,0,1,1,0,0,0
erase04_2021-11-20_22-55-42_1453_2102.png,"['ic12', 'ic21', 'ic42']",0,1,1,0,0,0,0,1
erase04_2021-11-20_22-55-42_1522_1211.png,"['ic11', 'ic22', 'ic31', 'ic41']",1,0,0,1,1,0,1,0
erase04_2021-11-20_22-55-42_1806_1022.png,"['ic11', 'ic32', 'ic42']",1,0,0,0,0,1,0,1
erase04_2021-11-20_22-55-42_1845_1021.png,"['ic11', 'ic32', 'ic41']",1,0,0,0,0,1,1,0
erase04_2021-11-20_22-55-42_1859_0010.png,['ic31'],0,0,0,0,1,0,0,0
erase04_2021-11-20_22-55-42_2129_1012.png,"['ic11', 'ic31', 'ic42']",1,0,0,0,1,0,0,1
erase04_2021-11-20_22-55-42_241_2201.png,"['ic12', 'ic22', 'ic41']",0,1,0,1,0,0,1,0
erase04_2021-11-20_22-55-42_2433_0120.png,"['ic21', 'ic32']",0,0,1,0,0,1,0,0
erase04_2021-11-20_22-55-42_2767_2022.png,"['ic12', 'ic32', 'ic42']",0,1,0,0,0,1,0,1
erase04_2021-11-20_22-55-42_2869_1202.png,"['ic11', 'ic22', 'ic42']",1,0,0,1,0,0,0,1
erase04_2021-11-20_22-55-42_3306_0210.png,"['ic22', 'ic31']",0,0,0,1,1,0,0,0
erase04_2021-11-20_22-55-42_3620_2101.png,"['ic12', 'ic21', 'ic41']",0,1,1,0,0,0,1,0
erase04_2021-11-20_22-55-42_4200_0001.png,['ic41'],0,0,0,0,0,0,1,0
erase04_2021-11-20_22-55-42_44_1122.png,"['ic11', 'ic21', 'ic32', 'ic42']",1,0,1,0,0,1,0,1
erase04_2021-11-20_22-55-42_4636_0102.png,"['ic21', 'ic42']",0,0,1,0,0,0,0,1
erase04_2021-11-20_22-55-42_5211_0220.png,"['ic22', 'ic32']",0,0,0,1,0,1,0,0
erase04_2021-11-20_22-55-42_5244_2020.png,"['ic12', 'ic32']",0,1,0,0,0,1,0,0
erase04_2021-11-20_22-55-42_5381_0120.png,"['ic21', 'ic32']",0,0,1,0,0,1,0,0
erase04_2021-11-20_22-55-42_5517_0201.png,"['ic22', 'ic41']",0,0,0,1,0,0,1,0
erase04_2021-11-20_22-55-42_5775_2202.png,"['ic12', 'ic22', 'ic42']",0,1,0,1,0,0,0,1
erase04_2021-11-20_22-55-42_6065_0220.png,"['ic22', 'ic32']",0,0,0,1,0,1,0,0
erase04_2021-11-20_22-55-42_6419_2122.png,"['ic12', 'ic21', 'ic32', 'ic42']",0,1,1,0,0,1,0,1
erase04_2021-11-20_22-55-42_6944_1020.png,"['ic11', 'ic32']",1,0,0,0,0,1,0,0
erase04_2021-11-20_22-55-42_7281_2101.png,"['ic12', 'ic21', 'ic41']",0,1,1,0,0,0,1,0
erase04_2021-11-20_22-55-42_7382_0002.png,['ic42'],0,0,0,0,0,0,0,1
erase04_2021-11-20_22-55-42_7542_0121.png,"['ic21', 'ic32', 'ic41']",0,0,1,0,0,1,1,0
erase04_2021-11-20_22-55-42_7554_1101.png,"['ic11', 'ic21', 'ic41']",1,0,1,0,0,0,1,0
erase04_2021-11-20_22-55-42_761_2200.png,"['ic12', 'ic22']",0,1,0,1,0,0,0,0
erase04_2021-11-20_22-55-42_7821_2211.png,"['ic12', 'ic22', 'ic31', 'ic41']",0,1,0,1,1,0,1,0
erase04_2021-11-20_22-55-42_7881_0010.png,['ic31'],0,0,0,0,1,0,0,0
erase04_2021-11-20_22-55-42_7984_1010.png,"['ic11', 'ic31']",1,0,0,0,1,0,0,0
erase04_2021-11-20_22-55-42_8302_0111.png,"['ic21', 'ic31', 'ic41']",0,0,1,0,1,0,1,0
erase04_2021-11-20_22-55-42_838_1201.png,"['ic11', 'ic22', 'ic41']",1,0,0,1,0,0,1,0
erase04_2021-11-20_22-55-42_8551_0110.png,"['ic21', 'ic31']",0,0,1,0,1,0,0,0
erase04_2021-11-20_22-55-42_8603_1120.png,"['ic11', 'ic21', 'ic32']",1,0,1,0,0,1,0,0
erase04_2021-11-20_22-55-42_8646_2211.png,"['ic12', 'ic22', 'ic31', 'ic41']",0,1,0,1,1,0,1,0
erase04_2021-11-20_22-55-42_8834_2202.png,"['ic12', 'ic22', 'ic42']",0,1,0,1,0,0,0,1
erase04_2021-11-20_22-55-42_924_2110.png,"['ic12', 'ic21', 'ic31']",0,1,1,0,1,0,0,0
erase04_2021-11-20_22-55-42_9768_0011.png,"['ic31', 'ic41']",0,0,0,0,1,0,1,0
erase04_2021-11-20_22-55-42_9849_1221.png,"['ic11', 'ic22', 'ic32', 'ic41']",1,0,0,1,0,1,1,0
erase04_2021-11-20_22-55-42_9_0212.png,"['ic22', 'ic31', 'ic42']",0,0,0,1,1,0,0,1
erase04_2021-11-20_22-55-43_1056_0221.png,"['ic22', 'ic32', 'ic41']",0,0,0,1,0,1,1,0
erase04_2021-11-20_22-55-43_133_2210.png,"['ic12', 'ic22', 'ic31']",0,1,0,1,1,0,0,0
erase04_2021-11-20_22-55-43_1512_2200.png,"['ic12', 'ic22']",0,1,0,1,0,0,0,0
erase04_2021-11-20_22-55-43_231_1211.png,"['ic11', 'ic22', 'ic31', 'ic41']",1,0,0,1,1,0,1,0
erase04_2021-11-20_22-55-43_2548_2012.png,"['ic12', 'ic31', 'ic42']",0,1,0,0,1,0,0,1
erase04_2021-11-20_22-55-43_2953_1220.png,"['ic11', 'ic22', 'ic32']",1,0,0,1,0,1,0,0
erase04_2021-11-20_22-55-43_31_2211.png,"['ic12', 'ic22', 'ic31', 'ic41']",0,1,0,1,1,0,1,0
erase04_2021-11-20_22-55-43_4350_0110.png,"['ic21', 'ic31']",0,0,1,0,1,0,0,0
erase04_2021-11-20_22-55-43_4469_2110.png,"['ic12', 'ic21', 'ic31']",0,1,1,0,1,0,0,0
erase04_2021-11-20_22-55-43_4551_1001.png,"['ic11', 'ic41']",1,0,0,0,0,0,1,0
erase04_2021-11-20_22-55-43_4670_0010.png,['ic31'],0,0,0,0,1,0,0,0
erase04_2021-11-20_22-55-43_4866_1020.png,"['ic11', 'ic32']",1,0,0,0,0,1,0,0
erase04_2021-11-20_22-55-43_5066_2221.png,"['ic12', 'ic22', 'ic32', 'ic41']",0,1,0,1,0,1,1,0
erase04_2021-11-20_22-55-43_5200_2001.png,"['ic12', 'ic41']",0,1,0,0,0,0,1,0
erase04_2021-11-20_22-55-43_5491_1121.png,"['ic11', 'ic21', 'ic32', 'ic41']",1,0,1,0,0,1,1,0
erase04_2021-11-20_22-55-43_5829_1222.png,"['ic11', 'ic22', 'ic32', 'ic42']",1,0,0,1,0,1,0,1
erase04_2021-11-20_22-55-43_5880_2010.png,"['ic12', 'ic31']",0,1,0,0,1,0,0,0
erase04_2021-11-20_22-55-43_5966_2222.png,"['ic12', 'ic22', 'ic32', 'ic42']",0,1,0,1,0,1,0,1
erase04_2021-11-20_22-55-43_6081_2010.png,"['ic12', 'ic31']",0,1,0,0,1,0,0,0
erase04_2021-11-20_22-55-43_629_0010.png,['ic31'],0,0,0,0,1,0,0,0
erase04_2021-11-20_22-55-43_6563_0220.png,"['ic22', 'ic32']",0,0,0,1,0,1,0,0
erase04_2021-11-20_22-55-43_6578_1021.png,"['ic11', 'ic32', 'ic41']",1,0,0,0,0,1,1,0
erase04_2021-11-20_22-55-43_673_1201.png,"['ic11', 'ic22', 'ic41']",1,0,0,1,0,0,1,0
erase04_2021-11-20_22-55-43_7120_1201.png,"['ic11', 'ic22', 'ic41']",1,0,0,1,0,0,1,0
erase04_2021-11-20_22-55-43_7489_0110.png,"['ic21', 'ic31']",0,0,1,0,1,0,0,0
erase04_2021-11-20_22-55-43_7999_1112.png,"['ic11', 'ic21', 'ic31', 'ic42']",1,0,1,0,1,0,0,1
erase04_2021-11-20_22-55-43_8265_1111.png,"['ic11', 'ic21', 'ic31', 'ic41']",1,0,1,0,1,0,1,0
erase04_2021-11-20_22-55-43_8285_1200.png,"['ic11', 'ic22']",1,0,0,1,0,0,0,0
erase04_2021-11-20_22-55-43_8564_0202.png,"['ic22', 'ic42']",0,0,0,1,0,0,0,1
erase04_2021-11-20_22-55-43_9254_0210.png,"['ic22', 'ic31']",0,0,0,1,1,0,0,0
erase04_2021-11-20_22-55-43_9334_0221.png,"['ic22', 'ic32', 'ic41']",0,0,0,1,0,1,1,0
erase04_2021-11-20_22-55-43_9715_1020.png,"['ic11', 'ic32']",1,0,0,0,0,1,0,0
erase04_2021-11-20_22-55-43_9774_1102.png,"['ic11', 'ic21', 'ic42']",1,0,1,0,0,0,0,1
erase04_2021-11-20_22-55-43_9795_0101.png,"['ic21', 'ic41']",0,0,1,0,0,0,1,0
erase04_2021-11-20_22-55-43_981_2121.png,"['ic12', 'ic21', 'ic32', 'ic41']",0,1,1,0,0,1,1,0
erase04_2021-11-20_22-55-43_982_0200.png,['ic22'],0,0,0,1,0,0,0,0
erase04_2021-11-20_22-55-43_9835_1221.png,"['ic11', 'ic22', 'ic32', 'ic41']",1,0,0,1,0,1,1,0
erase04_2021-11-20_22-55-43_9901_1212.png,"['ic11', 'ic22', 'ic31', 'ic42']",1,0,0,1,1,0,0,1
erase04_2021-11-20_22-55-44_1116_2120.png,"['ic12', 'ic21', 'ic32']",0,1,1,0,0,1,0,0
erase04_2021-11-20_22-55-44_1302_2221.png,"['ic12', 'ic22', 'ic32', 'ic41']",0,1,0,1,0,1,1,0
erase04_2021-11-20_22-55-44_1417_1110.png,"['ic11', 'ic21', 'ic31']",1,0,1,0,1,0,0,0
erase04_2021-11-20_22-55-44_1687_2222.png,"['ic12', 'ic22', 'ic32', 'ic42']",0,1,0,1,0,1,0,1
erase04_2021-11-20_22-55-44_2063_2020.png,"['ic12', 'ic32']",0,1,0,0,0,1,0,0
erase04_2021-11-20_22-55-44_2541_2221.png,"['ic12', 'ic22', 'ic32', 'ic41']",0,1,0,1,0,1,1,0
erase04_2021-11-20_22-55-44_271_1201.png,"['ic11', 'ic22', 'ic41']",1,0,0,1,0,0,1,0
erase04_2021-11-20_22-55-44_2838_1120.png,"['ic11', 'ic21', 'ic32']",1,0,1,0,0,1,0,0
erase04_2021-11-20_22-55-44_3111_0200.png,['ic22'],0,0,0,1,0,0,0,0
erase04_2021-11-20_22-55-44_3932_0112.png,"['ic21', 'ic31', 'ic42']",0,0,1,0,1,0,0,1
erase04_2021-11-20_22-55-44_3944_0112.png,"['ic21', 'ic31', 'ic42']",0,0,1,0,1,0,0,1
erase04_2021-11-20_22-55-44_4020_1121.png,"['ic11', 'ic21', 'ic32', 'ic41']",1,0,1,0,0,1,1,0
erase04_2021-11-20_22-55-44_4689_0102.png,"['ic21', 'ic42']",0,0,1,0,0,0,0,1
erase04_2021-11-20_22-55-44_4778_0011.png,"['ic31', 'ic41']",0,0,0,0,1,0,1,0
erase04_2021-11-20_22-55-44_5081_0112.png,"['ic21', 'ic31', 'ic42']",0,0,1,0,1,0,0,1
erase04_2021-11-20_22-55-44_5115_2022.png,"['ic12', 'ic32', 'ic42']",0,1,0,0,0,1,0,1
erase04_2021-11-20_22-55-44_5543_1220.png,"['ic11', 'ic22', 'ic32']",1,0,0,1,0,1,0,0
erase04_2021-11-20_22-55-44_5937_0202.png,"['ic22', 'ic42']",0,0,0,1,0,0,0,1
erase04_2021-11-20_22-55-44_6026_2002.png,"['ic12', 'ic42']",0,1,0,0,0,0,0,1
erase04_2021-11-20_22-55-44_6262_0100.png,['ic21'],0,0,1,0,0,0,0,0
erase04_2021-11-20_22-55-44_6757_2101.png,"['ic12', 'ic21', 'ic41']",0,1,1,0,0,0,1,0
erase04_2021-11-20_22-55-44_7199_2200.png,"['ic12', 'ic22']",0,1,0,1,0,0,0,0
erase04_2021-11-20_22-55-44_7753_2000.png,['ic12'],0,1,0,0,0,0,0,0
erase04_2021-11-20_22-55-44_8347_0110.png,"['ic21', 'ic31']",0,0,1,0,1,0,0,0
erase04_2021-11-20_22-55-44_9410_2112.png,"['ic12', 'ic21', 'ic31', 'ic42']",0,1,1,0,1,0,0,1
erase04_2021-11-20_22-55-44_9862_1122.png,"['ic11', 'ic21', 'ic32', 'ic42']",1,0,1,0,0,1,0,1
erase04_2021-11-20_22-55-45_1036_2210.png,"['ic12', 'ic22', 'ic31']",0,1,0,1,1,0,0,0
erase04_2021-11-20_22-55-45_1050_1210.png,"['ic11', 'ic22', 'ic31']",1,0,0,1,1,0,0,0
erase04_2021-11-20_22-55-45_1107_2000.png,['ic12'],0,1,0,0,0,0,0,0
erase04_2021-11-20_22-55-45_1122_0112.png,"['ic21', 'ic31', 'ic42']",0,0,1,0,1,0,0,1
erase04_2021-11-20_22-55-45_1637_1011.png,"['ic11', 'ic31', 'ic41']",1,0,0,0,1,0,1,0
erase04_2021-11-20_22-55-45_1854_2012.png,"['ic12', 'ic31', 'ic42']",0,1,0,0,1,0,0,1
erase04_2021-11-20_22-55-45_2054_1221.png,"['ic11', 'ic22', 'ic32', 'ic41']",1,0,0,1,0,1,1,0
erase04_2021-11-20_22-55-45_2598_0002.png,['ic42'],0,0,0,0,0,0,0,1
erase04_2021-11-20_22-55-45_2607_1222.png,"['ic11', 'ic22', 'ic32', 'ic42']",1,0,0,1,0,1,0,1
erase04_2021-11-20_22-55-45_2949_1111.png,"['ic11', 'ic21', 'ic31', 'ic41']",1,0,1,0,1,0,1,0
erase04_2021-11-20_22-55-45_3152_2222.png,"['ic12', 'ic22', 'ic32', 'ic42']",0,1,0,1,0,1,0,1
erase04_2021-11-20_22-55-45_3267_0212.png,"['ic22', 'ic31', 'ic42']",0,0,0,1,1,0,0,1
erase04_2021-11-20_22-55-45_3306_0102.png,"['ic21', 'ic42']",0,0,1,0,0,0,0,1
erase04_2021-11-20_22-55-45_3597_0121.png,"['ic21', 'ic32', 'ic41']",0,0,1,0,0,1,1,0
erase04_2021-11-20_22-55-45_3798_0021.png,"['ic32', 'ic41']",0,0,0,0,0,1,1,0
erase04_2021-11-20_22-55-45_3874_2102.png,"['ic12', 'ic21', 'ic42']",0,1,1,0,0,0,0,1
erase04_2021-11-20_22-55-45_4009_2011.png,"['ic12', 'ic31', 'ic41']",0,1,0,0,1,0,1,0
erase04_2021-11-20_22-55-45_4122_1022.png,"['ic11', 'ic32', 'ic42']",1,0,0,0,0,1,0,1
erase04_2021-11-20_22-55-45_4172_1212.png,"['ic11', 'ic22', 'ic31', 'ic42']",1,0,0,1,1,0,0,1
erase04_2021-11-20_22-55-45_4459_1122.png,"['ic11', 'ic21', 'ic32', 'ic42']",1,0,1,0,0,1,0,1
erase04_2021-11-20_22-55-45_460_0012.png,"['ic31', 'ic42']",0,0,0,0,1,0,0,1
erase04_2021-11-20_22-55-45_4612_0011.png,"['ic31', 'ic41']",0,0,0,0,1,0,1,0
erase04_2021-11-20_22-55-45_4656_0001.png,['ic41'],0,0,0,0,0,0,1,0
erase04_2021-11-20_22-55-45_4687_0001.png,['ic41'],0,0,0,0,0,0,1,0
erase04_2021-11-20_22-55-45_5138_2001.png,"['ic12', 'ic41']",0,1,0,0,0,0,1,0
erase04_2021-11-20_22-55-45_5776_1010.png,"['ic11', 'ic31']",1,0,0,0,1,0,0,0
erase04_2021-11-20_22-55-45_5829_1010.png,"['ic11', 'ic31']",1,0,0,0,1,0,0,0
erase04_2021-11-20_22-55-45_5977_0222.png,"['ic22', 'ic32', 'ic42']",0,0,0,1,0,1,0,1
erase04_2021-11-20_22-55-45_631_1100.png,"['ic11', 'ic21']",1,0,1,0,0,0,0,0
erase04_2021-11-20_22-55-45_6336_1000.png,['ic11'],1,0,0,0,0,0,0,0
erase04_2021-11-20_22-55-45_6346_0210.png,"['ic22', 'ic31']",0,0,0,1,1,0,0,0
erase04_2021-11-20_22-55-45_6577_1011.png,"['ic11', 'ic31', 'ic41']",1,0,0,0,1,0,1,0
erase04_2021-11-20_22-55-45_7513_0221.png,"['ic22', 'ic32', 'ic41']",0,0,0,1,0,1,1,0
erase04_2021-11-20_22-55-45_7592_1120.png,"['ic11', 'ic21', 'ic32']",1,0,1,0,0,1,0,0
erase04_2021-11-20_22-55-45_7673_2000.png,['ic12'],0,1,0,0,0,0,0,0
erase04_2021-11-20_22-55-45_7674_2202.png,"['ic12', 'ic22', 'ic42']",0,1,0,1,0,0,0,1
erase04_2021-11-20_22-55-45_7845_1111.png,"['ic11', 'ic21', 'ic31', 'ic41']",1,0,1,0,1,0,1,0
erase04_2021-11-20_22-55-45_8036_0122.png,"['ic21', 'ic32', 'ic42']",0,0,1,0,0,1,0,1
erase04_2021-11-20_22-55-45_9223_0011.png,"['ic31', 'ic41']",0,0,0,0,1,0,1,0
erase04_2021-11-20_22-55-45_978_1100.png,"['ic11', 'ic21']",1,0,1,0,0,0,0,0
erase04_2021-11-20_22-55-45_9917_0102.png,"['ic21', 'ic42']",0,0,1,0,0,0,0,1
erase04_2021-11-20_22-55-46_1112_0110.png,"['ic21', 'ic31']",0,0,1,0,1,0,0,0
erase04_2021-11-20_22-55-46_1518_2211.png,"['ic12', 'ic22', 'ic31', 'ic41']",0,1,0,1,1,0,1,0
erase04_2021-11-20_22-55-46_1880_1022.png,"['ic11', 'ic32', 'ic42']",1,0,0,0,0,1,0,1
erase04_2021-11-20_22-55-46_2558_2022.png,"['ic12', 'ic32', 'ic42']",0,1,0,0,0,1,0,1
erase04_2021-11-20_22-55-46_2647_1110.png,"['ic11', 'ic21', 'ic31']",1,0,1,0,1,0,0,0
erase04_2021-11-20_22-55-46_2752_0222.png,"['ic22', 'ic32', 'ic42']",0,0,0,1,0,1,0,1
erase04_2021-11-20_22-55-46_5170_2222.png,"['ic12', 'ic22', 'ic32', 'ic42']",0,1,0,1,0,1,0,1
erase04_2021-11-20_22-55-46_6292_2210.png,"['ic12', 'ic22', 'ic31']",0,1,0,1,1,0,0,0
erase04_2021-11-20_22-55-46_6701_2020.png,"['ic12', 'ic32']",0,1,0,0,0,1,0,0
erase04_2021-11-20_22-55-46_7368_0222.png,"['ic22', 'ic32', 'ic42']",0,0,0,1,0,1,0,1
erase04_2021-11-20_22-55-46_7552_2212.png,"['ic12', 'ic22', 'ic31', 'ic42']",0,1,0,1,1,0,0,1
erase04_2021-11-20_22-55-46_7978_0200.png,['ic22'],0,0,0,1,0,0,0,0
erase04_2021-11-20_22-55-46_9546_1112.png,"['ic11', 'ic21', 'ic31', 'ic42']",1,0,1,0,1,0,0,1
erase05_2021-11-20_22-55-46_1113_2100.png,"['ic12', 'ic21']",0,1,1,0,0,0,0,0
erase05_2021-11-20_22-55-46_1165_0100.png,['ic21'],0,0,1,0,0,0,0,0
erase05_2021-11-20_22-55-46_1182_2020.png,"['ic12', 'ic32']",0,1,0,0,0,1,0,0
erase05_2021-11-20_22-55-46_1584_1102.png,"['ic11', 'ic21', 'ic42']",1,0,1,0,0,0,0,1
erase05_2021-11-20_22-55-46_1977_0210.png,"['ic22', 'ic31']",0,0,0,1,1,0,0,0
erase05_2021-11-20_22-55-46_2590_0101.png,"['ic21', 'ic41']",0,0,1,0,0,0,1,0
erase05_2021-11-20_22-55-46_283_1022.png,"['ic11', 'ic32', 'ic42']",1,0,0,0,0,1,0,1
erase05_2021-11-20_22-55-46_2982_1112.png,"['ic11', 'ic21', 'ic31', 'ic42']",1,0,1,0,1,0,0,1
erase05_2021-11-20_22-55-46_3382_1100.png,"['ic11', 'ic21']",1,0,1,0,0,0,0,0
erase05_2021-11-20_22-55-46_3579_1120.png,"['ic11', 'ic21', 'ic32']",1,0,1,0,0,1,0,0
erase05_2021-11-20_22-55-46_3776_0100.png,['ic21'],0,0,1,0,0,0,0,0
erase05_2021-11-20_22-55-46_4028_0011.png,"['ic31', 'ic41']",0,0,0,0,1,0,1,0
erase05_2021-11-20_22-55-46_4691_1101.png,"['ic11', 'ic21', 'ic41']",1,0,1,0,0,0,1,0
erase05_2021-11-20_22-55-46_4811_2201.png,"['ic12', 'ic22', 'ic41']",0,1,0,1,0,0,1,0
erase05_2021-11-20_22-55-46_5106_1000.png,['ic11'],1,0,0,0,0,0,0,0
erase05_2021-11-20_22-55-46_5118_1111.png,"['ic11', 'ic21', 'ic31', 'ic41']",1,0,1,0,1,0,1,0
erase05_2021-11-20_22-55-46_5184_2100.png,"['ic12', 'ic21']",0,1,1,0,0,0,0,0
erase05_2021-11-20_22-55-46_6506_1000.png,['ic11'],1,0,0,0,0,0,0,0
erase05_2021-11-20_22-55-46_6563_1022.png,"['ic11', 'ic32', 'ic42']",1,0,0,0,0,1,0,1
erase05_2021-11-20_22-55-46_7309_1002.png,"['ic11', 'ic42']",1,0,0,0,0,0,0,1
erase05_2021-11-20_22-55-46_7319_2000.png,['ic12'],0,1,0,0,0,0,0,0
erase05_2021-11-20_22-55-46_78_1111.png,"['ic11', 'ic21', 'ic31', 'ic41']",1,0,1,0,1,0,1,0
erase05_2021-11-20_22-55-46_8169_1022.png,"['ic11', 'ic32', 'ic42']",1,0,0,0,0,1,0,1
erase05_2021-11-20_22-55-46_8538_0100.png,['ic21'],0,0,1,0,0,0,0,0
erase05_2021-11-20_22-55-46_8668_0110.png,"['ic21', 'ic31']",0,0,1,0,1,0,0,0
erase05_2021-11-20_22-55-46_8773_1220.png,"['ic11', 'ic22', 'ic32']",1,0,0,1,0,1,0,0
erase05_2021-11-20_22-55-46_9232_2111.png,"['ic12', 'ic21', 'ic31', 'ic41']",0,1,1,0,1,0,1,0
erase05_2021-11-20_22-55-46_9757_2101.png,"['ic12', 'ic21', 'ic41']",0,1,1,0,0,0,1,0
erase05_2021-11-20_22-55-47_1011_1222.png,"['ic11', 'ic22', 'ic32', 'ic42']",1,0,0,1,0,1,0,1
erase05_2021-11-20_22-55-47_112_1101.png,"['ic11', 'ic21', 'ic41']",1,0,1,0,0,0,1,0
erase05_2021-11-20_22-55-47_1602_0120.png,"['ic21', 'ic32']",0,0,1,0,0,1,0,0
erase05_2021-11-20_22-55-47_1823_0020.png,['ic32'],0,0,0,0,0,1,0,0
erase05_2021-11-20_22-55-47_1967_2121.png,"['ic12', 'ic21', 'ic32', 'ic41']",0,1,1,0,0,1,1,0
erase05_2021-11-20_22-55-47_2333_0020.png,['ic32'],0,0,0,0,0,1,0,0
erase05_2021-11-20_22-55-47_2448_0202.png,"['ic22', 'ic42']",0,0,0,1,0,0,0,1
erase05_2021-11-20_22-55-47_2456_0212.png,"['ic22', 'ic31', 'ic42']",0,0,0,1,1,0,0,1
erase05_2021-11-20_22-55-47_2936_2001.png,"['ic12', 'ic41']",0,1,0,0,0,0,1,0
erase05_2021-11-20_22-55-47_3224_0200.png,['ic22'],0,0,0,1,0,0,0,0
erase05_2021-11-20_22-55-47_3858_2001.png,"['ic12', 'ic41']",0,1,0,0,0,0,1,0
erase05_2021-11-20_22-55-47_4576_0122.png,"['ic21', 'ic32', 'ic42']",0,0,1,0,0,1,0,1
erase05_2021-11-20_22-55-47_4964_0111.png,"['ic21', 'ic31', 'ic41']",0,0,1,0,1,0,1,0
erase05_2021-11-20_22-55-47_5033_0210.png,"['ic22', 'ic31']",0,0,0,1,1,0,0,0
erase05_2021-11-20_22-55-47_5256_1112.png,"['ic11', 'ic21', 'ic31', 'ic42']",1,0,1,0,1,0,0,1
erase05_2021-11-20_22-55-47_5263_0122.png,"['ic21', 'ic32', 'ic42']",0,0,1,0,0,1,0,1
erase05_2021-11-20_22-55-47_5422_1121.png,"['ic11', 'ic21', 'ic32', 'ic41']",1,0,1,0,0,1,1,0
erase05_2021-11-20_22-55-47_5486_2020.png,"['ic12', 'ic32']",0,1,0,0,0,1,0,0
erase05_2021-11-20_22-55-47_5639_1002.png,"['ic11', 'ic42']",1,0,0,0,0,0,0,1
erase05_2021-11-20_22-55-47_5718_2112.png,"['ic12', 'ic21', 'ic31', 'ic42']",0,1,1,0,1,0,0,1
erase05_2021-11-20_22-55-47_5771_1200.png,"['ic11', 'ic22']",1,0,0,1,0,0,0,0
erase05_2021-11-20_22-55-47_5850_1200.png,"['ic11', 'ic22']",1,0,0,1,0,0,0,0
erase05_2021-11-20_22-55-47_6026_0122.png,"['ic21', 'ic32', 'ic42']",0,0,1,0,0,1,0,1
erase05_2021-11-20_22-55-47_6759_1202.png,"['ic11', 'ic22', 'ic42']",1,0,0,1,0,0,0,1
erase05_2021-11-20_22-55-47_6889_0110.png,"['ic21', 'ic31']",0,0,1,0,1,0,0,0
erase05_2021-11-20_22-55-47_7000_0110.png,"['ic21', 'ic31']",0,0,1,0,1,0,0,0
erase05_2021-11-20_22-55-47_7404_1200.png,"['ic11', 'ic22']",1,0,0,1,0,0,0,0
erase05_2021-11-20_22-55-47_7664_1111.png,"['ic11', 'ic21', 'ic31', 'ic41']",1,0,1,0,1,0,1,0
erase05_2021-11-20_22-55-47_7742_0020.png,['ic32'],0,0,0,0,0,1,0,0
erase05_2021-11-20_22-55-47_789_0012.png,"['ic31', 'ic42']",0,0,0,0,1,0,0,1
erase05_2021-11-20_22-55-47_8030_2012.png,"['ic12', 'ic31', 'ic42']",0,1,0,0,1,0,0,1
erase05_2021-11-20_22-55-47_8246_1222.png,"['ic11', 'ic22', 'ic32', 'ic42']",1,0,0,1,0,1,0,1
erase05_2021-11-20_22-55-47_8349_2221.png,"['ic12', 'ic22', 'ic32', 'ic41']",0,1,0,1,0,1,1,0
erase05_2021-11-20_22-55-47_8443_1000.png,['ic11'],1,0,0,0,0,0,0,0
erase05_2021-11-20_22-55-47_8724_0222.png,"['ic22', 'ic32', 'ic42']",0,0,0,1,0,1,0,1
erase05_2021-11-20_22-55-47_8883_0202.png,"['ic22', 'ic42']",0,0,0,1,0,0,0,1
erase05_2021-11-20_22-55-47_912_2002.png,"['ic12', 'ic42']",0,1,0,0,0,0,0,1
erase05_2021-11-20_22-55-47_9237_2201.png,"['ic12', 'ic22', 'ic41']",0,1,0,1,0,0,1,0
erase05_2021-11-20_22-55-47_9446_2212.png,"['ic12', 'ic22', 'ic31', 'ic42']",0,1,0,1,1,0,0,1
erase05_2021-11-20_22-55-47_967_0211.png,"['ic22', 'ic31', 'ic41']",0,0,0,1,1,0,1,0
erase05_2021-11-20_22-55-48_1181_1202.png,"['ic11', 'ic22', 'ic42']",1,0,0,1,0,0,0,1
erase05_2021-11-20_22-55-48_1241_2122.png,"['ic12', 'ic21', 'ic32', 'ic42']",0,1,1,0,0,1,0,1
erase05_2021-11-20_22-55-48_1831_0220.png,"['ic22', 'ic32']",0,0,0,1,0,1,0,0
erase05_2021-11-20_22-55-48_1926_1002.png,"['ic11', 'ic42']",1,0,0,0,0,0,0,1
erase05_2021-11-20_22-55-48_195_1100.png,"['ic11', 'ic21']",1,0,1,0,0,0,0,0
erase05_2021-11-20_22-55-48_2012_2112.png,"['ic12', 'ic21', 'ic31', 'ic42']",0,1,1,0,1,0,0,1
erase05_2021-11-20_22-55-48_3036_2010.png,"['ic12', 'ic31']",0,1,0,0,1,0,0,0
erase05_2021-11-20_22-55-48_3182_2100.png,"['ic12', 'ic21']",0,1,1,0,0,0,0,0
erase05_2021-11-20_22-55-48_3658_2021.png,"['ic12', 'ic32', 'ic41']",0,1,0,0,0,1,1,0
erase05_2021-11-20_22-55-48_4004_1200.png,"['ic11', 'ic22']",1,0,0,1,0,0,0,0
erase05_2021-11-20_22-55-48_4438_0202.png,"['ic22', 'ic42']",0,0,0,1,0,0,0,1
erase05_2021-11-20_22-55-48_4441_0011.png,"['ic31', 'ic41']",0,0,0,0,1,0,1,0
erase05_2021-11-20_22-55-48_4547_2021.png,"['ic12', 'ic32', 'ic41']",0,1,0,0,0,1,1,0
erase05_2021-11-20_22-55-48_4814_1002.png,"['ic11', 'ic42']",1,0,0,0,0,0,0,1
erase05_2021-11-20_22-55-48_4821_2110.png,"['ic12', 'ic21', 'ic31']",0,1,1,0,1,0,0,0
erase05_2021-11-20_22-55-48_4843_0212.png,"['ic22', 'ic31', 'ic42']",0,0,0,1,1,0,0,1
erase05_2021-11-20_22-55-48_4936_1100.png,"['ic11', 'ic21']",1,0,1,0,0,0,0,0
erase05_2021-11-20_22-55-48_5003_2102.png,"['ic12', 'ic21', 'ic42']",0,1,1,0,0,0,0,1
erase05_2021-11-20_22-55-48_510_2001.png,"['ic12', 'ic41']",0,1,0,0,0,0,1,0
erase05_2021-11-20_22-55-48_5350_2201.png,"['ic12', 'ic22', 'ic41']",0,1,0,1,0,0,1,0
erase05_2021-11-20_22-55-48_6398_1121.png,"['ic11', 'ic21', 'ic32', 'ic41']",1,0,1,0,0,1,1,0
erase05_2021-11-20_22-55-48_6498_2110.png,"['ic12', 'ic21', 'ic31']",0,1,1,0,1,0,0,0
erase05_2021-11-20_22-55-48_6623_1112.png,"['ic11', 'ic21', 'ic31', 'ic42']",1,0,1,0,1,0,0,1
erase05_2021-11-20_22-55-48_6630_2000.png,['ic12'],0,1,0,0,0,0,0,0
erase05_2021-11-20_22-55-48_6709_0111.png,"['ic21', 'ic31', 'ic41']",0,0,1,0,1,0,1,0
erase05_2021-11-20_22-55-48_7101_2202.png,"['ic12', 'ic22', 'ic42']",0,1,0,1,0,0,0,1
erase05_2021-11-20_22-55-48_714_0210.png,"['ic22', 'ic31']",0,0,0,1,1,0,0,0
erase05_2021-11-20_22-55-48_7183_2000.png,['ic12'],0,1,0,0,0,0,0,0
erase05_2021-11-20_22-55-48_7331_1111.png,"['ic11', 'ic21', 'ic31', 'ic41']",1,0,1,0,1,0,1,0
erase05_2021-11-20_22-55-48_7585_1222.png,"['ic11', 'ic22', 'ic32', 'ic42']",1,0,0,1,0,1,0,1
erase05_2021-11-20_22-55-48_7779_0100.png,['ic21'],0,0,1,0,0,0,0,0
erase05_2021-11-20_22-55-48_7946_2222.png,"['ic12', 'ic22', 'ic32', 'ic42']",0,1,0,1,0,1,0,1
erase05_2021-11-20_22-55-48_8086_2012.png,"['ic12', 'ic31', 'ic42']",0,1,0,0,1,0,0,1
erase05_2021-11-20_22-55-48_8294_0210.png,"['ic22', 'ic31']",0,0,0,1,1,0,0,0
erase05_2021-11-20_22-55-48_8686_0010.png,['ic31'],0,0,0,0,1,0,0,0
erase05_2021-11-20_22-55-48_8949_1112.png,"['ic11', 'ic21', 'ic31', 'ic42']",1,0,1,0,1,0,0,1
erase05_2021-11-20_22-55-48_9180_2021.png,"['ic12', 'ic32', 'ic41']",0,1,0,0,0,1,1,0
erase05_2021-11-20_22-55-48_9518_0102.png,"['ic21', 'ic42']",0,0,1,0,0,0,0,1
erase05_2021-11-20_22-55-48_9837_0212.png,"['ic22', 'ic31', 'ic42']",0,0,0,1,1,0,0,1
erase05_2021-11-20_22-55-49_1092_2121.png,"['ic12', 'ic21', 'ic32', 'ic41']",0,1,1,0,0,1,1,0
erase05_2021-11-20_22-55-49_1608_2001.png,"['ic12', 'ic41']",0,1,0,0,0,0,1,0
erase05_2021-11-20_22-55-49_1657_0212.png,"['ic22', 'ic31', 'ic42']",0,0,0,1,1,0,0,1
erase05_2021-11-20_22-55-49_1708_1012.png,"['ic11', 'ic31', 'ic42']",1,0,0,0,1,0,0,1
erase05_2021-11-20_22-55-49_171_2211.png,"['ic12', 'ic22', 'ic31', 'ic41']",0,1,0,1,1,0,1,0
erase05_2021-11-20_22-55-49_1807_2110.png,"['ic12', 'ic21', 'ic31']",0,1,1,0,1,0,0,0
erase05_2021-11-20_22-55-49_1929_2111.png,"['ic12', 'ic21', 'ic31', 'ic41']",0,1,1,0,1,0,1,0
erase05_2021-11-20_22-55-49_2042_0001.png,['ic41'],0,0,0,0,0,0,1,0
erase05_2021-11-20_22-55-49_2350_1122.png,"['ic11', 'ic21', 'ic32', 'ic42']",1,0,1,0,0,1,0,1
erase05_2021-11-20_22-55-49_2370_2222.png,"['ic12', 'ic22', 'ic32', 'ic42']",0,1,0,1,0,1,0,1
erase05_2021-11-20_22-55-49_2924_2000.png,['ic12'],0,1,0,0,0,0,0,0
erase05_2021-11-20_22-55-49_301_0221.png,"['ic22', 'ic32', 'ic41']",0,0,0,1,0,1,1,0
erase05_2021-11-20_22-55-49_3351_1020.png,"['ic11', 'ic32']",1,0,0,0,0,1,0,0
erase05_2021-11-20_22-55-49_3812_2220.png,"['ic12', 'ic22', 'ic32']",0,1,0,1,0,1,0,0
erase05_2021-11-20_22-55-49_3909_2102.png,"['ic12', 'ic21', 'ic42']",0,1,1,0,0,0,0,1
erase05_2021-11-20_22-55-49_402_1220.png,"['ic11', 'ic22', 'ic32']",1,0,0,1,0,1,0,0
erase05_2021-11-20_22-55-49_4038_2220.png,"['ic12', 'ic22', 'ic32']",0,1,0,1,0,1,0,0
erase05_2021-11-20_22-55-49_4586_0100.png,['ic21'],0,0,1,0,0,0,0,0
erase05_2021-11-20_22-55-49_4902_2021.png,"['ic12', 'ic32', 'ic41']",0,1,0,0,0,1,1,0
erase05_2021-11-20_22-55-49_5205_0122.png,"['ic21', 'ic32', 'ic42']",0,0,1,0,0,1,0,1
erase05_2021-11-20_22-55-49_5349_1210.png,"['ic11', 'ic22', 'ic31']",1,0,0,1,1,0,0,0
erase05_2021-11-20_22-55-49_5359_1101.png,"['ic11', 'ic21', 'ic41']",1,0,1,0,0,0,1,0
erase05_2021-11-20_22-55-49_5604_1002.png,"['ic11', 'ic42']",1,0,0,0,0,0,0,1
erase05_2021-11-20_22-55-49_6094_1220.png,"['ic11', 'ic22', 'ic32']",1,0,0,1,0,1,0,0
erase05_2021-11-20_22-55-49_6353_0101.png,"['ic21', 'ic41']",0,0,1,0,0,0,1,0
erase05_2021-11-20_22-55-49_6686_0110.png,"['ic21', 'ic31']",0,0,1,0,1,0,0,0
erase05_2021-11-20_22-55-49_7079_2120.png,"['ic12', 'ic21', 'ic32']",0,1,1,0,0,1,0,0
erase05_2021-11-20_22-55-49_7102_2211.png,"['ic12', 'ic22', 'ic31', 'ic41']",0,1,0,1,1,0,1,0
erase05_2021-11-20_22-55-49_7147_1022.png,"['ic11', 'ic32', 'ic42']",1,0,0,0,0,1,0,1
erase05_2021-11-20_22-55-49_7275_0101.png,"['ic21', 'ic41']",0,0,1,0,0,0,1,0
erase05_2021-11-20_22-55-49_7711_1212.png,"['ic11', 'ic22', 'ic31', 'ic42']",1,0,0,1,1,0,0,1
erase05_2021-11-20_22-55-49_7899_1001.png,"['ic11', 'ic41']",1,0,0,0,0,0,1,0
erase05_2021-11-20_22-55-49_8075_1010.png,"['ic11', 'ic31']",1,0,0,0,1,0,0,0
erase05_2021-11-20_22-55-49_8301_2200.png,"['ic12', 'ic22']",0,1,0,1,0,0,0,0
erase05_2021-11-20_22-55-49_8444_2202.png,"['ic12', 'ic22', 'ic42']",0,1,0,1,0,0,0,1
erase05_2021-11-20_22-55-49_8510_0012.png,"['ic31', 'ic42']",0,0,0,0,1,0,0,1
erase05_2021-11-20_22-55-49_885_2002.png,"['ic12', 'ic42']",0,1,0,0,0,0,0,1
erase05_2021-11-20_22-55-49_8962_1100.png,"['ic11', 'ic21']",1,0,1,0,0,0,0,0
erase05_2021-11-20_22-55-49_9063_0120.png,"['ic21', 'ic32']",0,0,1,0,0,1,0,0
erase05_2021-11-20_22-55-49_9094_0212.png,"['ic22', 'ic31', 'ic42']",0,0,0,1,1,0,0,1
erase05_2021-11-20_22-55-49_9171_2012.png,"['ic12', 'ic31', 'ic42']",0,1,0,0,1,0,0,1
erase05_2021-11-20_22-55-49_9548_2100.png,"['ic12', 'ic21']",0,1,1,0,0,0,0,0
erase05_2021-11-20_22-55-49_9703_2022.png,"['ic12', 'ic32', 'ic42']",0,1,0,0,0,1,0,1
erase05_2021-11-20_22-55-50_1749_1010.png,"['ic11', 'ic31']",1,0,0,0,1,0,0,0
erase05_2021-11-20_22-55-50_2335_2011.png,"['ic12', 'ic31', 'ic41']",0,1,0,0,1,0,1,0
erase05_2021-11-20_22-55-50_2656_2121.png,"['ic12', 'ic21', 'ic32', 'ic41']",0,1,1,0,0,1,1,0
erase05_2021-11-20_22-55-50_4354_2000.png,['ic12'],0,1,0,0,0,0,0,0
erase05_2021-11-20_22-55-50_4481_0112.png,"['ic21', 'ic31', 'ic42']",0,0,1,0,1,0,0,1
erase05_2021-11-20_22-55-50_5473_1110.png,"['ic11', 'ic21', 'ic31']",1,0,1,0,1,0,0,0
erase05_2021-11-20_22-55-50_63_2001.png,"['ic12', 'ic41']",0,1,0,0,0,0,1,0
erase05_2021-11-20_22-55-50_6431_2021.png,"['ic12', 'ic32', 'ic41']",0,1,0,0,0,1,1,0
erase05_2021-11-20_22-55-50_64_1020.png,"['ic11', 'ic32']",1,0,0,0,0,1,0,0
erase05_2021-11-20_22-55-50_7426_0010.png,['ic31'],0,0,0,0,1,0,0,0
erase05_2021-11-20_22-55-50_7532_0212.png,"['ic22', 'ic31', 'ic42']",0,0,0,1,1,0,0,1
erase05_2021-11-20_22-55-50_7593_0021.png,"['ic32', 'ic41']",0,0,0,0,0,1,1,0
erase05_2021-11-20_22-55-50_7611_0012.png,"['ic31', 'ic42']",0,0,0,0,1,0,0,1
erase05_2021-11-20_22-55-50_8013_1102.png,"['ic11', 'ic21', 'ic42']",1,0,1,0,0,0,0,1
erase05_2021-11-20_22-55-50_8080_2000.png,['ic12'],0,1,0,0,0,0,0,0
erase05_2021-11-20_22-55-50_8787_0121.png,"['ic21', 'ic32', 'ic41']",0,0,1,0,0,1,1,0
erase05_2021-11-20_22-55-50_8939_2220.png,"['ic12', 'ic22', 'ic32']",0,1,0,1,0,1,0,0
erase05_2021-11-20_22-55-50_9844_0212.png,"['ic22', 'ic31', 'ic42']",0,0,0,1,1,0,0,1
erase05_2021-11-20_22-55-51_1179_2122.png,"['ic12', 'ic21', 'ic32', 'ic42']",0,1,1,0,0,1,0,1
erase05_2021-11-20_22-55-51_1694_2102.png,"['ic12', 'ic21', 'ic42']",0,1,1,0,0,0,0,1
erase05_2021-11-20_22-55-51_1701_2001.png,"['ic12', 'ic41']",0,1,0,0,0,0,1,0
erase05_2021-11-20_22-55-51_2004_1001.png,"['ic11', 'ic41']",1,0,0,0,0,0,1,0
erase05_2021-11-20_22-55-51_2020_0220.png,"['ic22', 'ic32']",0,0,0,1,0,1,0,0
erase05_2021-11-20_22-55-51_2164_1122.png,"['ic11', 'ic21', 'ic32', 'ic42']",1,0,1,0,0,1,0,1
erase05_2021-11-20_22-55-51_2828_2122.png,"['ic12', 'ic21', 'ic32', 'ic42']",0,1,1,0,0,1,0,1
erase05_2021-11-20_22-55-51_2966_2022.png,"['ic12', 'ic32', 'ic42']",0,1,0,0,0,1,0,1
erase05_2021-11-20_22-55-51_3744_2220.png,"['ic12', 'ic22', 'ic32']",0,1,0,1,0,1,0,0
erase05_2021-11-20_22-55-51_3756_0222.png,"['ic22', 'ic32', 'ic42']",0,0,0,1,0,1,0,1
erase05_2021-11-20_22-55-51_3973_2012.png,"['ic12', 'ic31', 'ic42']",0,1,0,0,1,0,0,1
erase05_2021-11-20_22-55-51_4437_1221.png,"['ic11', 'ic22', 'ic32', 'ic41']",1,0,0,1,0,1,1,0
erase05_2021-11-20_22-55-51_4512_0001.png,['ic41'],0,0,0,0,0,0,1,0
erase05_2021-11-20_22-55-51_4688_0202.png,"['ic22', 'ic42']",0,0,0,1,0,0,0,1
erase05_2021-11-20_22-55-51_5041_1220.png,"['ic11', 'ic22', 'ic32']",1,0,0,1,0,1,0,0
erase05_2021-11-20_22-55-51_5104_0210.png,"['ic22', 'ic31']",0,0,0,1,1,0,0,0
erase05_2021-11-20_22-55-51_5161_1102.png,"['ic11', 'ic21', 'ic42']",1,0,1,0,0,0,0,1
erase05_2021-11-20_22-55-51_5183_1200.png,"['ic11', 'ic22']",1,0,0,1,0,0,0,0
erase05_2021-11-20_22-55-51_5633_2011.png,"['ic12', 'ic31', 'ic41']",0,1,0,0,1,0,1,0
erase05_2021-11-20_22-55-51_5651_2001.png,"['ic12', 'ic41']",0,1,0,0,0,0,1,0
erase05_2021-11-20_22-55-51_5889_1210.png,"['ic11', 'ic22', 'ic31']",1,0,0,1,1,0,0,0
erase05_2021-11-20_22-55-51_633_1221.png,"['ic11', 'ic22', 'ic32', 'ic41']",1,0,0,1,0,1,1,0
erase05_2021-11-20_22-55-51_6523_1020.png,"['ic11', 'ic32']",1,0,0,0,0,1,0,0
erase05_2021-11-20_22-55-51_6669_2111.png,"['ic12', 'ic21', 'ic31', 'ic41']",0,1,1,0,1,0,1,0
erase05_2021-11-20_22-55-51_765_1220.png,"['ic11', 'ic22', 'ic32']",1,0,0,1,0,1,0,0
erase05_2021-11-20_22-55-51_7899_0022.png,"['ic32', 'ic42']",0,0,0,0,0,1,0,1
erase05_2021-11-20_22-55-51_8472_2120.png,"['ic12', 'ic21', 'ic32']",0,1,1,0,0,1,0,0
erase05_2021-11-20_22-55-51_9023_0102.png,"['ic21', 'ic42']",0,0,1,0,0,0,0,1
erase05_2021-11-20_22-55-51_9400_1022.png,"['ic11', 'ic32', 'ic42']",1,0,0,0,0,1,0,1
erase05_2021-11-20_22-55-51_9731_2022.png,"['ic12', 'ic32', 'ic42']",0,1,0,0,0,1,0,1
erase05_2021-11-20_22-55-51_9768_0210.png,"['ic22', 'ic31']",0,0,0,1,1,0,0,0
erase05_2021-11-20_22-55-51_9913_2020.png,"['ic12', 'ic32']",0,1,0,0,0,1,0,0
